global_cycle,discharge_time_s,avg_voltage,voltage_drop,avg_current,rul,battery_id,dataset,soh_pct
1,3380.2415270647616,3.8657754367506,1.500356674194336,-0.005022285874846103,447,CS2_35,CALCE,99.48149713996358
2,3484.1491888364035,3.8631515994796097,1.500194787979126,-0.019195819357817025,446,CS2_35,CALCE,99.74761986075593
3,3493.1684535000823,3.8631009743972258,1.500518560409546,-0.014312939195488898,445,CS2_35,CALCE,100.01406197159532
4,3495.5013028341127,3.8620441169901327,1.500356674194336,-0.014619768772800771,444,CS2_35,CALCE,100.0852943574344
5,3495.777729678557,3.861414509740743,1.5006804466247559,-0.014238540008426009,443,CS2_35,CALCE,100.09317616337967
6,3494.598325078332,3.860869520089843,1.500518560409546,-0.01437553543746617,442,CS2_35,CALCE,100.05984764683465
7,3494.2797570653493,3.861678828598757,1.500194787979126,-0.013104369453281143,441,CS2_35,CALCE,100.05274276433265
8,3494.759198712505,3.8615742641535427,1.500356674194336,-0.012952412306022745,440,CS2_35,CALCE,100.06851977263467
9,3493.4573769801355,3.8610450390715774,1.500518560409546,-0.013072648103462358,439,CS2_35,CALCE,100.02882294262614
10,3491.244590126458,3.8607203609207197,1.500518560409546,-0.013121254157430621,438,CS2_35,CALCE,99.96601762209248
11,3488.91227609232,3.860422267454542,1.500518560409546,-0.01272626665042233,437,CS2_35,CALCE,99.90021729044533
12,3484.80190938295,3.8601746221439694,1.5006804466247559,-0.012915063033700939,436,CS2_35,CALCE,99.77838073708136
13,3483.56888833415,3.85970643365925,1.500194787979126,-0.014512532521828027,435,CS2_35,CALCE,99.7425203714779
14,3481.795468669181,3.859736658696075,1.500356674194336,-0.012905341015263624,434,CS2_35,CALCE,99.69095018495219
15,3479.8482712362893,3.8593178161165933,1.5006804466247559,-0.014337053443341574,433,CS2_35,CALCE,99.63698440392437
16,3479.235279687593,3.8593821959062056,1.500356674194336,-0.0141913348829803,432,CS2_35,CALCE,99.61939250275489
18,3475.507320528297,3.859062061769091,1.5006804466247559,-0.013006645358674143,430,CS2_35,CALCE,99.51194301009755
19,3446.7671849961334,3.8559526561671853,1.500356674194336,-0.011071822650014539,429,CS2_35,CALCE,98.65989194878553
20,3417.5462814679486,3.8570395704628764,1.500356674194336,-0.016043119095653917,428,CS2_35,CALCE,97.8009767185532
21,3421.9002643486892,3.8604312519985453,1.500518560409546,-0.019054208684196078,427,CS2_35,CALCE,97.92930923564828
22,3414.8615079236624,3.858279416034388,1.500356674194336,-0.017378641862008007,426,CS2_35,CALCE,97.72326295346564
23,3404.1567325895885,3.8601181604708845,1.500194787979126,-0.01587896781724371,425,CS2_35,CALCE,97.40883572317385
24,3394.839641628845,3.864320563294037,1.500194787979126,-0.020757000660225927,424,CS2_35,CALCE,98.1631264122628
25,3403.094707103446,3.8594159729542583,1.500194787979126,-0.0173336973950862,423,CS2_35,CALCE,98.40867084647009
26,3426.453349886753,3.8609545869854753,1.5006804466247559,-0.012770060575647703,422,CS2_35,CALCE,98.07190029570724
27,3389.640624488995,3.857006824504562,1.500194787979126,-0.01585256267639901,421,CS2_35,CALCE,96.98436949763433
29,3385.676374621282,3.8599328351510236,1.500356674194336,-0.017634115356315594,419,CS2_35,CALCE,96.86944480953733
30,3381.2308998341905,3.8636069143519682,1.500356674194336,-0.015633883509059053,418,CS2_35,CALCE,96.73982044893899
31,3371.650083422428,3.8600997148886234,1.500194787979126,-0.01767664485075098,417,CS2_35,CALCE,96.45960201705637
32,3403.5385839330847,3.8650851725133633,1.5006804466247559,-0.01779512609621439,416,CS2_35,CALCE,97.40179821772698
33,3407.3143975147395,3.8633060246792894,1.500194787979126,-0.014371530922284518,415,CS2_35,CALCE,97.51160464854864
34,3376.080525986559,3.858005395732667,1.500194787979126,-0.012847704955117566,414,CS2_35,CALCE,96.58971545369567
35,3359.5229218685417,3.8605801113963834,1.500518560409546,-0.01879396403901356,413,CS2_35,CALCE,96.10706599040452
36,3354.180133863003,3.859771388928331,1.5006804466247559,-0.01936738602768696,412,CS2_35,CALCE,95.94866926877127
37,3350.7115051647997,3.8629965326679288,1.500194787979126,-0.017860648267096213,411,CS2_35,CALCE,95.84628270767016
38,3342.572291299468,3.860442412827543,1.500356674194336,-0.01974557356492053,410,CS2_35,CALCE,95.60933249509571
39,3374.746457757312,3.8672176546442047,1.500356674194336,-0.02020987074093987,409,CS2_35,CALCE,96.55910873470435
40,3382.014574250672,3.861311474853247,1.500194787979126,-0.017750106584977172,408,CS2_35,CALCE,96.77151897704294
41,3364.3520867491607,3.8611961173172222,1.500356674194336,-0.01370943777496678,407,CS2_35,CALCE,96.25184760066278
42,3330.001050042105,3.858818618314607,1.5006804466247559,-0.017221106378807843,406,CS2_35,CALCE,95.24338691030266
43,3332.469269932597,3.861252153957928,1.5006804466247559,-0.02133538055634993,405,CS2_35,CALCE,95.31633062498469
44,3329.729459807393,3.8611990127734797,1.500356674194336,-0.020133829876640395,404,CS2_35,CALCE,95.23694547743949
45,3265.9798718811944,3.8608592448834176,1.500194787979126,-0.02083085159824124,403,CS2_35,CALCE,95.13202593803011
46,3346.272484795889,3.8654922995123417,1.500194787979126,-0.021255109073470457,402,CS2_35,CALCE,95.72793590278981
47,3358.702945840778,3.8616141063169485,1.500194787979126,-0.019370064854784937,401,CS2_35,CALCE,96.08987411133914
48,3360.6838525634957,3.861734388142648,1.500518560409546,-0.017921373849034104,400,CS2_35,CALCE,96.14989750312968
49,3218.1043693894753,3.857949189797133,1.5006804466247559,-0.014780440561290032,399,CS2_35,CALCE,94.75168748184885
51,3285.682902689876,3.8712808812132775,1.500518560409546,-0.026035066859323948,397,CS2_35,CALCE,95.70753002417669
52,3366.4974145334054,3.863490447092481,1.500356674194336,-0.01939578965210939,396,CS2_35,CALCE,96.31728143569482
53,3368.63049097604,3.8623757009675517,1.500194787979126,-0.01785832124014148,395,CS2_35,CALCE,96.37939602788241
54,3307.966960387581,3.8638778370969438,1.500194787979126,-0.015585542633027003,394,CS2_35,CALCE,96.36778502540196
55,3367.7489908388598,3.8626920361082813,1.500356674194336,-0.01608644762705046,393,CS2_35,CALCE,96.35830153085452
56,3368.185424451134,3.8627464764237756,1.500518560409546,-0.015912763912788425,392,CS2_35,CALCE,96.3705663433318
57,3367.9844118217734,3.8624427635057836,1.500356674194336,-0.016440207524304785,391,CS2_35,CALCE,96.36460041301886
58,3367.7070605633635,3.862432738672667,1.500194787979126,-0.016166895612522103,390,CS2_35,CALCE,96.35853705813686
59,3366.332552588661,3.8621108728875804,1.500518560409546,-0.016240418206276728,389,CS2_35,CALCE,96.3191199073799
60,3365.0170475303603,3.8620239598209527,1.500194787979126,-0.015896246987971915,388,CS2_35,CALCE,96.28054607124592
61,3363.903007079629,3.86195949818884,1.500194787979126,-0.016277178886049813,387,CS2_35,CALCE,96.2481511990062
62,3362.7320417229494,3.862900338453405,1.500356674194336,-0.015588198368341718,386,CS2_35,CALCE,96.21617134569598
63,3361.966579748667,3.861901713683542,1.500518560409546,-0.016285703076217267,385,CS2_35,CALCE,96.19457206186338
64,3361.6039124167582,3.861936092376709,1.500518560409546,-0.01641196980255115,384,CS2_35,CALCE,96.18341096371462
65,3361.581129502534,3.8618635076337156,1.500194787979126,-0.016312874289391602,383,CS2_35,CALCE,96.18341958155484
66,3360.787484658067,3.8617297956022187,1.5006804466247559,-0.016088045327539574,382,CS2_35,CALCE,96.16186649908566
67,3360.352367978776,3.8626794148893917,1.500194787979126,-0.01457519231891424,381,CS2_35,CALCE,96.1475252586916
68,3359.274447918986,3.862516097461476,1.500194787979126,-0.0143350890971145,380,CS2_35,CALCE,96.10914903500931
69,3310.386049208959,3.8582839638439577,1.500356674194336,-0.012749139084515453,379,CS2_35,CALCE,94.66747232764342
70,3301.644501453906,3.8622262169079606,1.500194787979126,-0.018832978643462936,378,CS2_35,CALCE,94.4108693530942
71,3299.6502525906544,3.8614454658370003,1.500356674194336,-0.020665898047221593,377,CS2_35,CALCE,94.35928367702373
72,3292.2527705565444,3.8638138171398277,1.500194787979126,-0.017393758900421247,376,CS2_35,CALCE,94.14367281745623
73,3287.92161205475,3.863256546501693,1.500518560409546,-0.019476638700212226,375,CS2_35,CALCE,94.01459365311382
74,3329.0942270494998,3.864910975278142,1.500194787979126,-0.022952171700728878,374,CS2_35,CALCE,95.22902676666631
75,3334.3687577235396,3.8624668946906704,1.500518560409546,-0.018208926390342193,373,CS2_35,CALCE,95.38331722911461
76,3306.0312090814696,3.8595660010380533,1.500194787979126,-0.013087172210112269,372,CS2_35,CALCE,94.54944290006698
77,3284.1923571557854,3.8609060059927156,1.500518560409546,-0.018015845237677706,371,CS2_35,CALCE,93.90539026872804
78,3283.9061947330483,3.863009777010941,1.500194787979126,-0.019872950735899817,370,CS2_35,CALCE,93.89946520647521
79,3283.5738496234408,3.862987567738789,1.500194787979126,-0.020976429495487715,369,CS2_35,CALCE,93.89026583069786
80,3220.964326228306,3.8633106696931785,1.500356674194336,-0.01877506245392952,368,CS2_35,CALCE,93.82007863988912
81,3307.384488451178,3.8655406580869913,1.500356674194336,-0.024129659511746223,367,CS2_35,CALCE,94.59060050259961
82,3314.9502600537962,3.863039055502558,1.5008423328399658,-0.0178858645460905,366,CS2_35,CALCE,94.81249116689679
83,3321.4276726412354,3.8611951445391077,1.500194787979126,-0.019979715754656527,365,CS2_35,CALCE,95.00697788833934
84,3273.0019348739297,3.8590783150894765,1.500518560409546,-0.01569614170827506,364,CS2_35,CALCE,93.58044447911732
85,3267.5628910429077,3.86115897467377,1.500518560409546,-0.02238487024664799,363,CS2_35,CALCE,93.42220501828174
86,3266.6357546431245,3.8603302448167716,1.500518560409546,-0.022598619452842857,362,CS2_35,CALCE,93.39610189364485
87,3270.103631588514,3.8611624745503526,1.500518560409546,-0.02326954204904807,361,CS2_35,CALCE,93.49705753626831
88,3270.382786163129,3.860127598230093,1.500518560409546,-0.02356594116205601,360,CS2_35,CALCE,93.50386168756334
89,3303.5248908820795,3.864714009834058,1.500194787979126,-0.021764501959268906,359,CS2_35,CALCE,94.48119697868508
90,3307.3668962890515,3.8630468586841262,1.500518560409546,-0.017899464486596028,358,CS2_35,CALCE,94.5948535595327
91,3276.8238608959364,3.8587154182422556,1.500356674194336,-0.015268353792118454,357,CS2_35,CALCE,93.69169420595927
92,3260.9625121946447,3.8616521607912504,1.500680685043335,-0.019984528613276778,356,CS2_35,CALCE,93.22560175615517
93,3261.6750646575238,3.864571009676881,1.500518560409546,-0.01935597157792868,355,CS2_35,CALCE,93.2514586773
94,3258.403826733411,3.8641096880099526,1.500356674194336,-0.019241291292024593,354,CS2_35,CALCE,93.15330903914753
95,3251.9288639893057,3.86088224399237,1.500194787979126,-0.022152142377532904,353,CS2_35,CALCE,92.96345333608117
96,3282.249510276597,3.866396658237164,1.500194787979126,-0.024986569913319098,352,CS2_35,CALCE,93.85670575379194
97,3294.181519582984,3.862582584162133,1.500356674194336,-0.02095672712778093,351,CS2_35,CALCE,94.2111359272422
98,3288.480467245565,3.8640414375247376,1.500194787979126,-0.016755058035998832,350,CS2_35,CALCE,94.04169762768268
99,3245.562813681434,3.858865787646522,1.500356674194336,-0.018472315923902177,349,CS2_35,CALCE,92.77755453383894
101,3262.4483032063854,3.869315295307725,1.500518560409546,-0.023411331407619456,347,CS2_35,CALCE,93.27136734341761
102,3258.432623850389,3.863291940689087,1.500194787979126,-0.021091524209612265,346,CS2_35,CALCE,93.15508221182974
103,3289.1236507464164,3.866184860194495,1.500356674194336,-0.021839175915519284,345,CS2_35,CALCE,94.05876670402652
104,3293.543060666001,3.8607218063238897,1.500518560409546,-0.02168952163562856,344,CS2_35,CALCE,94.18799423223514
105,3294.1999564053767,3.861092841877318,1.500194787979126,-0.0200362193867356,343,CS2_35,CALCE,94.20773343848323
106,3234.1703562052426,3.8609446470831097,1.500194787979126,-0.02019609367436929,342,CS2_35,CALCE,94.21569795378069
107,3294.7046587319783,3.860969593157581,1.500194787979126,-0.019988747732502792,341,CS2_35,CALCE,94.224307927157
108,3300.776616932315,3.8630249112485404,1.500194787979126,-0.01823511397212194,340,CS2_35,CALCE,94.4034714372821
109,3302.1010680489417,3.8622642468257125,1.5006804466247559,-0.018470667285295218,339,CS2_35,CALCE,94.44274953038595
110,3303.1483553729777,3.8620872418564485,1.500518560409546,-0.017901095931880395,338,CS2_35,CALCE,94.47529667344217
111,3303.730760693201,3.8629930377364516,1.500356674194336,-0.016815808673344507,337,CS2_35,CALCE,94.49205474908268
112,3304.2705230374704,3.8629604603077197,1.500356674194336,-0.016160625753160036,336,CS2_35,CALCE,94.50723865253245
113,3304.5563925748284,3.8628943524919115,1.500356674194336,-0.016780011764466734,335,CS2_35,CALCE,94.51824780423904
114,3304.7150576327113,3.8628039216852046,1.500356674194336,-0.016482250699591642,334,CS2_35,CALCE,94.52264708672915
115,3305.3556942229625,3.8628549719000005,1.500194787979126,-0.016838045859661838,333,CS2_35,CALCE,94.54192773065688
116,3305.743145395245,3.862737813869396,1.500194787979126,-0.016961703232397582,332,CS2_35,CALCE,94.56249915879754
117,3307.280205141142,3.8628063552730434,1.500356674194336,-0.016449163066378485,331,CS2_35,CALCE,94.60829092608805
118,3306.2846595432784,3.8623411089808375,1.500194787979126,-0.016990990234147716,330,CS2_35,CALCE,94.5777395835846
119,3306.3498132022796,3.8624130584098197,1.5006804466247559,-0.017024075286034647,329,CS2_35,CALCE,94.57959410346614
120,3267.00560872574,3.8565060912844644,1.500518560409546,-0.013410342815996594,328,CS2_35,CALCE,93.42071003290421
121,3190.325728035561,3.86138991417329,1.500194787979126,-0.019324943808629105,327,CS2_35,CALCE,92.9352334114351
122,3251.62369402661,3.8615203080353915,1.500194787979126,-0.02204957064622036,326,CS2_35,CALCE,92.96531093237577
123,3250.7381738534896,3.86230417911823,1.500356674194336,-0.020160687249332954,325,CS2_35,CALCE,92.94040781468586
124,3244.477929125831,3.859999376314658,1.500194787979126,-0.022309893769690663,324,CS2_35,CALCE,92.75751928833017
125,3270.6217193996417,3.864527250436636,1.500518560409546,-0.026511463769622004,323,CS2_35,CALCE,93.52815181176832
126,3282.1166078077513,3.863908523484204,1.500518560409546,-0.018696007014708353,322,CS2_35,CALCE,93.8666597484805
128,3249.7500324649154,3.857756387169768,1.500194787979126,-0.01545352645939047,320,CS2_35,CALCE,92.91117910368453
129,3242.7881818707683,3.860904735547525,1.500356674194336,-0.021911325951086726,319,CS2_35,CALCE,92.70815995436601
130,3246.3158539853175,3.8618600603974897,1.500356674194336,-0.022221821449038767,318,CS2_35,CALCE,92.80291627072071
131,3238.0702615206246,3.858545360181354,1.500356674194336,-0.023748854480755168,317,CS2_35,CALCE,92.5614162239917
132,3194.9330013573635,3.8613788141226917,1.500194787979126,-0.020425187961071126,316,CS2_35,CALCE,92.3195983693468
133,3271.2341314688674,3.865972766142625,1.500194787979126,-0.02523664367188198,315,CS2_35,CALCE,93.53766761926694
134,3279.7661074076896,3.8636004932020933,1.500356674194336,-0.01869381448321397,314,CS2_35,CALCE,93.79096364129722
135,3259.2574943529908,3.8620145922373856,1.500518560409546,-0.013632912476975925,313,CS2_35,CALCE,93.18725426203326
136,3233.0155128007173,3.8606709193888094,1.500194787979126,-0.0190994234214286,312,CS2_35,CALCE,92.41640230320532
137,3236.6708307042136,3.859895070639926,1.500356674194336,-0.024179968172352725,311,CS2_35,CALCE,92.5227400106188
138,3205.266717465187,3.8613893897445113,1.500356674194336,-0.023143821391307558,310,CS2_35,CALCE,92.62509549290317
139,3237.1957099922583,3.8591202213299165,1.500194787979126,-0.023999359455531256,309,CS2_35,CALCE,92.53888770542241
140,3253.9799510977464,3.8630801605366334,1.500518560409546,-0.023544201895885814,308,CS2_35,CALCE,93.02426626684672
141,3275.0490022111335,3.863417455335943,1.500194787979126,-0.019766678633814302,307,CS2_35,CALCE,93.6460176973782
142,3279.506030570308,3.86282009774066,1.500194787979126,-0.018669662217603925,306,CS2_35,CALCE,93.77772116725482
143,3243.6861612267676,3.8569791543009813,1.500356674194336,-0.016938426406891725,305,CS2_35,CALCE,92.72003638013021
144,3235.367041649588,3.8590385293812943,1.500194787979126,-0.023569366198152752,304,CS2_35,CALCE,92.47607117482957
145,3236.685284621606,3.8598198905448795,1.500194787979126,-0.024194508730960095,303,CS2_35,CALCE,92.51471570068308
146,3233.7025058135623,3.8624572124540437,1.500194787979126,-0.02068937179576085,302,CS2_35,CALCE,92.43375083328058
147,3228.6602328487206,3.8619569784365826,1.500356674194336,-0.020311325395053908,301,CS2_35,CALCE,92.28791682025675
148,3247.9485196720343,3.864998736248666,1.500356674194336,-0.02403234824891081,300,CS2_35,CALCE,92.86071812021937
149,3223.935573030729,3.8605311783204166,1.500194787979126,-0.020789771790766975,299,CS2_35,CALCE,92.15038570646266
151,3242.1830695840563,3.8678240746444796,1.500194787979126,-0.027338200715704537,297,CS2_35,CALCE,92.67943753006406
152,3238.5574927798007,3.859568796659771,1.500356674194336,-0.024015574295602842,296,CS2_35,CALCE,92.5759343898501
153,3231.6050910453814,3.861173265076872,1.500356674194336,-0.022290912520276773,295,CS2_35,CALCE,92.37125416532547
154,3260.014770441696,3.867432217964759,1.500356674194336,-0.02110763846287647,294,CS2_35,CALCE,93.20879715750662
155,3204.8903682681484,3.860495595027912,1.500194787979126,-0.022157313111026356,293,CS2_35,CALCE,93.35887558479966
156,3267.323230021575,3.861185603752369,1.500194787979126,-0.020535367207740796,292,CS2_35,CALCE,93.42661147415134
157,3268.6180404935003,3.860990154307063,1.5008423328399658,-0.020321168873878623,291,CS2_35,CALCE,93.46430805311975
158,3269.2051462650124,3.8608184020693708,1.500194787979126,-0.020364669248409906,290,CS2_35,CALCE,93.48177033708394
159,3270.484269540393,3.8609462271376356,1.5006804466247559,-0.020280421582666772,289,CS2_35,CALCE,93.52079693488257
161,3275.8690653074455,3.873718232293672,1.500194787979126,-0.04233372280844988,287,CS2_35,CALCE,93.67500485437743
162,3290.6985341094296,3.8649005042021036,1.500194787979126,-0.018960610989854163,286,CS2_35,CALCE,94.11023438945018
163,3300.1558391879043,3.862623617591628,1.500194787979126,-0.018939055014574893,285,CS2_35,CALCE,94.38666460624272
164,3268.386133398395,3.861880497041955,1.500194787979126,-0.01883787047774538,284,CS2_35,CALCE,94.47730387766731
165,3273.602132243548,3.857571405352968,1.500356674194336,-0.016644503340163888,283,CS2_35,CALCE,93.60587128425537
166,3273.446603360746,3.8612956615482887,1.500194787979126,-0.019791455606137764,282,CS2_35,CALCE,93.60120592629421
167,3282.947138523974,3.862710193889897,1.500518560409546,-0.02081344041174062,281,CS2_35,CALCE,93.87955621461674
168,3254.687840846149,3.8630602164109065,1.500356674194336,-0.01902648639738012,280,CS2_35,CALCE,94.07529755493582
169,3288.8890014522913,3.862329866669395,1.500356674194336,-0.017234493165795523,279,CS2_35,CALCE,94.05714875174823
170,3303.241810828913,3.8633277265422317,1.500518560409546,-0.01854247593699431,278,CS2_35,CALCE,94.47964422340756
171,3305.9362189984386,3.8619906043147183,1.500194787979126,-0.016618928401143634,277,CS2_35,CALCE,94.5583940913914
172,3290.1022292549605,3.8614684695220856,1.500356674194336,-0.014109389099319808,276,CS2_35,CALCE,94.09440738351432
173,3278.247473874362,3.860559608436283,1.500518560409546,-0.01880360782637592,275,CS2_35,CALCE,93.74515423764797
174,3277.66918891549,3.860534114808571,1.500518560409546,-0.020296391083719778,274,CS2_35,CALCE,93.72741810472367
175,3286.138990699168,3.862379214683927,1.500356674194336,-0.019268580240701355,273,CS2_35,CALCE,93.97680271871273
176,3285.7960808089992,3.862062022902749,1.500194787979126,-0.016917605888430085,272,CS2_35,CALCE,93.96963799815033
177,3290.5777937243984,3.8589111385923442,1.500194787979126,-0.022381309809553027,271,CS2_35,CALCE,94.10919488075238
178,3298.086031200248,3.8609979274761246,1.500194787979126,-0.019109872050747465,270,CS2_35,CALCE,94.33128926789689
179,3299.204277820856,3.860282124525093,1.500194787979126,-0.01912673552061574,269,CS2_35,CALCE,94.36409579243455
180,3212.222626911709,3.8566167737498427,1.500518560409546,-0.017420028504971978,268,CS2_35,CALCE,93.57602250989576
181,3271.805494273285,3.8602685768429827,1.500356674194336,-0.020738552172920983,267,CS2_35,CALCE,93.55686358611058
182,3270.2447347751586,3.859674837531113,1.500194787979126,-0.02092411821782972,266,CS2_35,CALCE,93.51093555172199
183,3232.2663074324955,3.8591531406088575,1.500194787979126,-0.020853636031771625,265,CS2_35,CALCE,93.4198305727896
184,3260.487876556639,3.8615114637835677,1.500194787979126,-0.017101357613602264,264,CS2_35,CALCE,93.22493351733443
185,3281.650139430887,3.8646049492242858,1.500194787979126,-0.020985238373679927,263,CS2_35,CALCE,93.84950069711
186,3286.4768561786623,3.862693858869148,1.500194787979126,-0.01768929961200973,262,CS2_35,CALCE,93.9899146837723
187,3272.4538080901257,3.8592550140438657,1.500194787979126,-0.01752182559527379,261,CS2_35,CALCE,93.58042881504585
188,3258.342267140455,3.8612525477686424,1.500194787979126,-0.017391879221535535,260,CS2_35,CALCE,93.1616015159962
189,3201.083015767799,3.862389529409584,1.500518560409546,-0.019365943683149933,259,CS2_35,CALCE,93.24909320131262
190,3264.1140975946328,3.859612144348098,1.500518560409546,-0.020385593636935328,258,CS2_35,CALCE,93.332375248396
191,3269.325387525372,3.8607414001371803,1.500194787979126,-0.020850332437786587,257,CS2_35,CALCE,93.48756337827426
192,3272.0238513111253,3.8604877118657277,1.5006804466247559,-0.020937883689440218,256,CS2_35,CALCE,93.56563119461208
193,3283.27799125429,3.8632123867670694,1.500194787979126,-0.017630738092835104,255,CS2_35,CALCE,93.89801041927299
194,3285.230701797933,3.8621213768467757,1.500518560409546,-0.017551926644624804,254,CS2_35,CALCE,93.95912819746992
195,3286.042568008532,3.8629479228189703,1.5006804466247559,-0.01590839578245001,253,CS2_35,CALCE,93.98300431659479
196,3286.550256878778,3.862757673436421,1.500194787979126,-0.015934586981831967,252,CS2_35,CALCE,93.99719511963406
197,3286.4600444394746,3.862710718661997,1.5006804466247559,-0.015980966350051723,251,CS2_35,CALCE,93.99662222982421
198,3289.8650643203873,3.8599037377231094,1.500518560409546,-0.01919908788516635,250,CS2_35,CALCE,94.09771091253221
199,3291.0262685476337,3.8602677172010726,1.500518560409546,-0.017722650383070863,249,CS2_35,CALCE,94.13082936539456
200,3291.573325700825,3.8601218709000595,1.5010044574737549,-0.017688481195538945,248,CS2_35,CALCE,94.1456605361492
201,3291.4765605141874,3.8600455468839354,1.500194787979126,-0.017578922570109727,247,CS2_35,CALCE,94.14541435513763
202,3291.424184430449,3.860011029887844,1.500518560409546,-0.017723192844253912,246,CS2_35,CALCE,94.1447065890261
203,3290.463671917445,3.859807816353646,1.500356674194336,-0.017169432736518612,245,CS2_35,CALCE,94.11505529090323
204,3290.79751839448,3.859901158301322,1.5006804466247559,-0.01747804131413399,244,CS2_35,CALCE,94.12310928097722
205,3255.3577768460964,3.8598953288596674,1.500194787979126,-0.01727031311719446,243,CS2_35,CALCE,94.10815239291911
206,3290.390466494602,3.859982348061181,1.500194787979126,-0.01768902376784968,242,CS2_35,CALCE,94.11158437597645
207,3290.344081227202,3.8598763649170107,1.500356674194336,-0.017741633166262583,241,CS2_35,CALCE,94.11198683987222
208,3290.232924199663,3.859874424633679,1.5006804466247559,-0.017517092580733647,240,CS2_35,CALCE,94.10773151456743
209,3289.1679152864963,3.8596828835862533,1.500518560409546,-0.017708548584144685,239,CS2_35,CALCE,94.07987340684832
211,3324.637033646639,3.876950299081627,1.500518560409546,-0.031149312379090414,237,CS2_35,CALCE,95.10360688786292
212,3282.701142463604,3.8631970747193294,1.500356674194336,-0.014458723047855936,236,CS2_35,CALCE,94.89688999698551
213,3321.9168428246885,3.8641657872114354,1.500356674194336,-0.015569929998649652,235,CS2_35,CALCE,95.02468505556018
214,3342.476291072373,3.864758626643557,1.500194787979126,-0.01629809781774956,234,CS2_35,CALCE,95.63330610006032
215,3346.972546236786,3.8639663013480825,1.500356674194336,-0.014820022857403548,233,CS2_35,CALCE,95.7644020361756
216,3321.762347916636,3.8599850627638044,1.500194787979126,-0.012660721183194602,232,CS2_35,CALCE,95.02142501051752
217,3317.169509359519,3.8618340671241462,1.500356674194336,-0.017628278848631225,231,CS2_35,CALCE,94.88599139849687
218,3318.9009093775094,3.86323276251376,1.500194787979126,-0.015668884975470403,230,CS2_35,CALCE,94.93818857934568
219,3317.1856192640407,3.862837259640951,1.500356674194336,-0.01571214551963177,229,CS2_35,CALCE,94.88641779810646
220,3310.2648663021246,3.860715451541248,1.500194787979126,-0.017562110263325676,228,CS2_35,CALCE,94.68285952976782
221,3330.592743159912,3.8633956238181293,1.500518560409546,-0.020509645059456613,227,CS2_35,CALCE,95.285578108201
222,3334.063361919136,3.861006964530264,1.500194787979126,-0.017601673320400767,226,CS2_35,CALCE,95.38842914381098
223,3323.880873963615,3.859672438143269,1.500518560409546,-0.01570696472727489,225,CS2_35,CALCE,95.08788887913389
224,3299.8000166583806,3.8584685017754725,1.500356674194336,-0.017308280684750293,224,CS2_35,CALCE,94.37647845555452
225,3302.4753688455094,3.8617254337632514,1.500518560409546,-0.018512012623881653,223,CS2_35,CALCE,94.45696046588623
226,3301.975204881368,3.8599276284137405,1.500194787979126,-0.01895047960540277,222,CS2_35,CALCE,94.44427960291785
227,3276.5967027689912,3.857946197914355,1.500194787979126,-0.017001891002115428,221,CS2_35,CALCE,93.69358667825657
228,3278.9019129511726,3.861068869220372,1.500194787979126,-0.022208678915178894,220,CS2_35,CALCE,93.76251923688865
229,3303.3235857814725,3.8625322144557344,1.500194787979126,-0.020698633716368535,219,CS2_35,CALCE,94.48713712077164
230,3306.789861889527,3.8618817114615225,1.500194787979126,-0.01746990646380902,218,CS2_35,CALCE,94.58847015708741
231,3270.6886896531505,3.8544352329138554,1.500356674194336,-0.017324250603710286,217,CS2_35,CALCE,93.52773968365767
232,3251.217182328488,3.859328970542321,1.500356674194336,-0.020850337291351304,216,CS2_35,CALCE,92.95638505484888
233,3247.4474249389605,3.8598349896478066,1.500194787979126,-0.02239964077469065,215,CS2_35,CALCE,92.84740164614797
234,3241.106959138997,3.8586746590794423,1.500356674194336,-0.023893677559969573,214,CS2_35,CALCE,92.65523753009678
235,3234.8761305531953,3.861583431314978,1.5006804466247559,-0.02083464374688746,213,CS2_35,CALCE,92.47125181334997
236,3269.611168206029,3.8652833835895244,1.500680685043335,-0.025601196365359312,212,CS2_35,CALCE,93.49501503597605
237,3277.6254228869802,3.862387578900462,1.500518560409546,-0.01893590728782038,211,CS2_35,CALCE,93.73384738922516
238,3280.6272707871976,3.862735072771708,1.500518560409546,-0.017105876842414904,210,CS2_35,CALCE,93.82255949250641
240,3281.100337731652,3.8624182539764127,1.500194787979126,-0.015829276739042168,208,CS2_35,CALCE,93.8401146685417
241,3283.5878860850935,3.8634472743261976,1.500356674194336,-0.015630662538676756,207,CS2_35,CALCE,93.90429793090262
242,3285.1575127255055,3.863216430398993,1.500194787979126,-0.015725604792018604,206,CS2_35,CALCE,93.9542159019321
243,3285.232442280045,3.86291368634319,1.500194787979126,-0.015167407943521418,205,CS2_35,CALCE,93.95628853896918
244,3248.8838223770144,3.862626592918465,1.500356674194336,-0.015876202955135085,204,CS2_35,CALCE,93.9123900600738
245,3278.79383405071,3.8623566281759487,1.500356674194336,-0.01568577326635487,203,CS2_35,CALCE,93.76840431740297
246,3276.834930413519,3.861598438205141,1.500194787979126,-0.01727882400966447,202,CS2_35,CALCE,93.71133458106023
247,3274.9204554256285,3.861544968142654,1.500356674194336,-0.0174118188165735,201,CS2_35,CALCE,93.65573972168941
248,3272.9284788067453,3.8614164374091406,1.500356674194336,-0.017432615191633388,200,CS2_35,CALCE,93.59825965358584
249,3212.282783199509,3.8616504380197236,1.500194787979126,-0.01753550886276185,199,CS2_35,CALCE,93.58444281188848
250,3271.6148603030015,3.8614851250792994,1.500194787979126,-0.01714035767720568,198,CS2_35,CALCE,93.55921287235783
251,3270.6152703308035,3.8613477584087486,1.500194787979126,-0.01722245192433933,197,CS2_35,CALCE,93.52886628849033
252,3234.3629164042068,3.8613134189085527,1.500194787979126,-0.01735216283281757,196,CS2_35,CALCE,93.4889663521124
253,3268.04349835217,3.8611902937744604,1.500356674194336,-0.017517446867890557,195,CS2_35,CALCE,93.45454948095649
254,3210.7299876923207,3.854604897132287,1.500194787979126,-0.015589332359556396,194,CS2_35,CALCE,91.76615759772919
255,3204.263325177133,3.862726790030548,1.500356674194336,-0.020635778614105278,193,CS2_35,CALCE,91.57456397901599
256,3182.938938957581,3.857451633087494,1.500518560409546,-0.02225907445327326,192,CS2_35,CALCE,90.95758888095136
257,3179.7524435826344,3.859611384876143,1.500356674194336,-0.02463214130659385,191,CS2_35,CALCE,90.8653396409095
258,3171.242147331359,3.8610215769873726,1.500194787979126,-0.022547138879622612,190,CS2_35,CALCE,90.61606243898046
259,3218.594724985305,3.867089595166867,1.500518560409546,-0.02625334588263394,189,CS2_35,CALCE,92.01111986131605
261,3205.6190396173806,3.871091775924155,1.500356674194336,-0.02302013143916093,187,CS2_35,CALCE,91.62206672567035
262,3134.931103680203,3.8609092670416683,1.500194787979126,-0.02265891312246662,186,CS2_35,CALCE,91.31435623966387
263,3210.71760348542,3.8630819912976437,1.500194787979126,-0.02880189826297603,185,CS2_35,CALCE,91.774372006642
264,3228.3692012577085,3.8645220165667324,1.500356674194336,-0.0207650905423682,184,CS2_35,CALCE,92.2942630091021
265,3230.425061423717,3.8637813340768727,1.500518798828125,-0.01928506388607213,183,CS2_35,CALCE,92.35812817455434
266,3123.8067253751215,3.8559838831424713,1.500194787979126,-0.01914792331622266,182,CS2_35,CALCE,90.99019451916165
267,3167.3406846392754,3.861434262896341,1.500356674194336,-0.022852167941995762,181,CS2_35,CALCE,90.50067356180293
268,3101.2604706309357,3.8610985089259544,1.500518560409546,-0.02429153244532007,180,CS2_35,CALCE,90.32935432208336
270,3160.186283838651,3.816334683319618,1.500194787979126,-0.4908154125441797,178,CS2_35,CALCE,90.30117524863776
271,3105.502903334813,3.8609995166207574,1.500194787979126,-0.02027728732294925,177,CS2_35,CALCE,89.71730028309658
272,3149.2041418224617,3.8605314771207375,1.500194787979126,-0.0275040619336024,176,CS2_35,CALCE,89.97449851278876
273,3168.112768523337,3.864845502871675,1.500194787979126,-0.026247297829469315,175,CS2_35,CALCE,90.5323113991943
274,3193.613332379551,3.864299719438613,1.500518560409546,-0.023357493633315782,174,CS2_35,CALCE,91.28166163085261
275,3201.23934287225,3.8647859200835226,1.500356674194336,-0.019119136390781933,173,CS2_35,CALCE,91.50445990003202
276,3165.704039451055,3.857435370093264,1.5008423328399658,-0.019602428603005134,172,CS2_35,CALCE,90.45526909756688
277,3156.608009632211,3.8600287475525,1.500194787979126,-0.026771240275834475,171,CS2_35,CALCE,90.19054463797282
278,3155.535083571667,3.8601177089130534,1.500518560409546,-0.02648561262812379,170,CS2_35,CALCE,90.15911688378365
279,3148.1102216681174,3.8581012059480715,1.500518560409546,-0.02839100440532769,169,CS2_35,CALCE,89.94018569079758
280,3108.8374262931466,3.8615633590428393,1.500518560409546,-0.02503207322009622,168,CS2_35,CALCE,89.80989224539822
281,3138.819916783177,3.866779224994855,1.5008423328399658,-0.02831459192631696,167,CS2_35,CALCE,90.6965279250989
282,3184.294287737168,3.8619007613004572,1.500356674194336,-0.02467714941785715,166,CS2_35,CALCE,91.00952978249306
283,3117.3338559788244,3.860552915986979,1.500518560409546,-0.022949135454471147,165,CS2_35,CALCE,90.81076114271852
284,3107.5611814532604,3.860198401033688,1.500194787979126,-0.02146721335071044,164,CS2_35,CALCE,89.77479375728238
285,3141.167477467883,3.861975674475393,1.500518560409546,-0.026980608684806933,163,CS2_35,CALCE,89.74000255362645
286,3132.190496639785,3.8596748075177594,1.500194787979126,-0.02679126015338566,162,CS2_35,CALCE,89.47522083084908
287,3127.8412981487345,3.860592334501205,1.500356674194336,-0.027665758945964156,161,CS2_35,CALCE,89.34749604160217
288,3126.583953782305,3.8609620648045695,1.500518560409546,-0.02729580193014455,160,CS2_35,CALCE,89.31245362930598
289,3157.190049733763,3.864172621656911,1.500194787979126,-0.026894722914564222,159,CS2_35,CALCE,90.21509322691291
290,3128.19111370304,3.8632293913099502,1.500356674194336,-0.023120500226893152,158,CS2_35,CALCE,90.38547250396581
291,3129.9586956480634,3.8576772516700113,1.500356674194336,-0.019519191363212434,157,CS2_35,CALCE,89.41080735270188
292,3122.475638656033,3.8597056649649413,1.500194787979126,-0.02844961111245053,156,CS2_35,CALCE,89.19444540881487
293,3127.114315758343,3.861694202115459,1.500194787979126,-0.026804660607482336,155,CS2_35,CALCE,89.33229409155122
294,3124.2295942262863,3.8600346180700487,1.500518560409546,-0.026277397290123777,154,CS2_35,CALCE,89.24852226907541
295,3122.0350915315794,3.861052202641772,1.500194787979126,-0.025155188528883758,153,CS2_35,CALCE,89.18445160581304
296,3139.106104856357,3.8641986468849057,1.500194787979126,-0.02875939316175046,152,CS2_35,CALCE,89.68586041521925
297,3150.565257290029,3.861967743582027,1.500518560409546,-0.024664252954410985,151,CS2_35,CALCE,90.0247300558234
298,3153.2041685302975,3.8624883182465086,1.500194787979126,-0.02307061750020477,150,CS2_35,CALCE,90.1030868531054
299,3116.700699035253,3.8600751610047563,1.500356674194336,-0.019383241686374068,149,CS2_35,CALCE,89.0293159131939
300,3115.1352489078417,3.86429609449936,1.500194787979126,-0.02281389931182175,148,CS2_35,CALCE,88.98330747531489
301,3114.8926425980753,3.8636716052552256,1.500194787979126,-0.02327682076434192,147,CS2_35,CALCE,88.9772407520355
302,3112.4297440336086,3.8643815117497597,1.500518560409546,-0.02173653063026347,146,CS2_35,CALCE,88.90736927337906
303,3043.8944142441615,3.8620915057975496,1.500194787979126,-0.023889371996843798,145,CS2_35,CALCE,88.66207999984249
304,3131.870653679536,3.8661826202946323,1.500194787979126,-0.0263414834840073,144,CS2_35,CALCE,89.47886540709015
305,3136.491287551762,3.8645941449430423,1.500194787979126,-0.022287743997965796,143,CS2_35,CALCE,89.61681555601571
306,3138.1365390075953,3.8643122671511225,1.500356674194336,-0.02109733830753211,142,CS2_35,CALCE,89.66342472814792
307,3137.9525754118804,3.8639672838460903,1.500356674194336,-0.021194855537125693,141,CS2_35,CALCE,89.65808218655432
308,3137.6111214695848,3.864014349044702,1.500194787979126,-0.020828443791750022,140,CS2_35,CALCE,89.6484038798564
309,3136.9499341120827,3.8640112541734983,1.500518560409546,-0.021082911970311057,139,CS2_35,CALCE,89.63123231151025
310,3136.538734748261,3.8639088400636616,1.5006804466247559,-0.02126352198979112,138,CS2_35,CALCE,89.61868453503718
312,3074.5195172659587,3.863722196809805,1.500194787979126,-0.018899135571121457,136,CS2_35,CALCE,89.56826043333928
313,3135.1998530892306,3.863832294750518,1.500194787979126,-0.02097616231129594,135,CS2_35,CALCE,89.58018141367499
315,3132.3251885030186,3.8637789070226582,1.500356674194336,-0.019556001166403027,133,CS2_35,CALCE,89.498463567388
316,3131.6310317096068,3.8636543834552217,1.500356674194336,-0.021219667781831715,132,CS2_35,CALCE,89.4791016160194
317,3130.346071980428,3.863543695535142,1.500518560409546,-0.020920767387473425,131,CS2_35,CALCE,89.43965418268658
318,3065.682570840232,3.8629520122235577,1.500518560409546,-0.020891915838503406,130,CS2_35,CALCE,89.3081366516641
320,3116.251970440736,3.87366414147538,1.500356674194336,-0.02490744853530959,128,CS2_35,CALCE,89.01776336869325
321,3106.8458570570438,3.8630968686073057,1.500356674194336,-0.02092611917478573,127,CS2_35,CALCE,88.74214062931203
322,3113.7572530513207,3.866538911961429,1.500356674194336,-0.024114403095601946,126,CS2_35,CALCE,88.94829230457168
323,3126.770052464599,3.8651641016951004,1.500356674194336,-0.021831315721691284,125,CS2_35,CALCE,89.33274296260002
324,3126.92985821364,3.8639336691115993,1.500194787979126,-0.022047124011869788,124,CS2_35,CALCE,89.33735283361804
325,3093.195809751982,3.8584622375426756,1.500356674194336,-0.021058954617230133,123,CS2_35,CALCE,88.34390535323472
326,3084.809305912044,3.864133311252968,1.500356674194336,-0.023050951882907695,122,CS2_35,CALCE,88.09910300733749
327,3023.4443733917287,3.8656744242491086,1.500356674194336,-0.02255882312744099,121,CS2_35,CALCE,88.0656518496015
328,3076.9293896770687,3.8621999334116452,1.500194787979126,-0.024910054201895723,120,CS2_35,CALCE,87.87613611039393
329,3071.5841339638864,3.8624722144642814,1.500194787979126,-0.025198435665205594,119,CS2_35,CALCE,87.71895552228351
330,3091.096323744452,3.8640074036479777,1.500194787979126,-0.028625045415585453,118,CS2_35,CALCE,88.29481471396404
331,3097.155913586801,3.862808338233403,1.500194787979126,-0.02504114291556792,117,CS2_35,CALCE,88.46945903688324
332,3099.0052457273123,3.8635799221236344,1.500356674194336,-0.02289455987364815,116,CS2_35,CALCE,88.52286840248127
333,3061.30712659494,3.860230425670015,1.500194787979126,-0.021709312039809695,115,CS2_35,CALCE,87.4137058741893
334,3055.2849570281105,3.863931071679324,1.500194787979126,-0.025169875086917363,114,CS2_35,CALCE,87.23773966524024
335,3054.554744655208,3.8646602685695433,1.500518560409546,-0.023376745148600317,113,CS2_35,CALCE,87.21040051415105
336,2988.1800951967307,3.8639026490768584,1.500356674194336,-0.024576636256128333,112,CS2_35,CALCE,87.03053758609684
337,3050.282402810728,3.8652613092176984,1.500194787979126,-0.024578424443785874,111,CS2_35,CALCE,87.08442401360034
338,3072.6746097749274,3.8662350813024924,1.500194787979126,-0.026788522427140332,110,CS2_35,CALCE,87.74497792552809
339,3074.773370034527,3.865384928954929,1.500842571258545,-0.02186756742210355,109,CS2_35,CALCE,87.80663160440348
340,3062.2544338610023,3.8627799916345054,1.500194787979126,-0.022525291533075906,108,CS2_35,CALCE,87.43868671856039
341,3038.6252857077925,3.8622095270125385,1.500194787979126,-0.023884598754166562,107,CS2_35,CALCE,86.74488934688105
342,2993.8120698738203,3.8639199248949687,1.500194787979126,-0.024758997338552337,106,CS2_35,CALCE,86.45451350591499
343,3037.9562515038415,3.8629630657525555,1.500356674194336,-0.027045727154762913,105,CS2_35,CALCE,86.72621375288503
344,3025.8499294071225,3.864619043578341,1.500356674194336,-0.023026120532195757,104,CS2_35,CALCE,86.37345686774346
345,3017.3908978730324,3.864058061440786,1.500518560409546,-0.024609091265204674,103,CS2_35,CALCE,86.12503517252271
346,3015.733349959657,3.8677343098533075,1.500194787979126,-0.02666020150422057,102,CS2_35,CALCE,87.10067714699805
347,3054.7010803230805,3.866526375475683,1.500356674194336,-0.022631538807170153,101,CS2_35,CALCE,87.22213665899591
348,3028.20414490893,3.860961103439331,1.500194787979126,-0.020871516886991678,100,CS2_35,CALCE,86.44175673382038
349,2976.4925932793994,3.861960572143861,1.500356674194336,-0.026585010691426374,99,CS2_35,CALCE,85.9473260313982
350,2984.4502565438743,3.8654717019569116,1.500518560409546,-0.02536000885917372,98,CS2_35,CALCE,86.18031439749558
351,3018.480720171705,3.8651076261202495,1.500518560409546,-0.024308075963441905,97,CS2_35,CALCE,86.15798600875468
352,3013.374739268853,3.8643429827690126,1.500356674194336,-0.024545878316663827,96,CS2_35,CALCE,86.00807093301405
353,2984.392804624571,3.865332010198995,1.500518560409546,-0.026771055896771156,95,CS2_35,CALCE,86.18045400143384
354,3034.480763837637,3.8644638906251516,1.500356674194336,-0.026176384665975532,94,CS2_35,CALCE,86.62946905778824
355,3035.506788001978,3.8642953441481387,1.500194787979126,-0.024648760286929767,93,CS2_35,CALCE,86.66080565086817
356,3001.8856561767752,3.864393659157328,1.500194787979126,-0.024496164513729195,92,CS2_35,CALCE,86.6975328471331
357,3037.0300246552215,3.8642616877854854,1.500356674194336,-0.023925130252062464,91,CS2_35,CALCE,86.70679564656714
359,3001.2436512091663,3.86521843144151,1.500194787979126,-0.02025744425133825,89,CS2_35,CALCE,86.67984500200257
360,3038.3223035098054,3.8654858266052448,1.500356674194336,-0.02217169707268783,88,CS2_35,CALCE,86.74619145092653
361,3039.277432204166,3.865466653516418,1.500356674194336,-0.022545391996620884,87,CS2_35,CALCE,86.7749712063903
362,3039.530393997964,3.8653191547644767,1.500356674194336,-0.022724813288062393,86,CS2_35,CALCE,86.78254263766559
363,3039.433294849063,3.86524299728243,1.500518560409546,-0.022837100679584853,85,CS2_35,CALCE,86.77927721261457
364,3039.8788934847107,3.86534630860153,1.500518560409546,-0.02242419419781072,84,CS2_35,CALCE,86.79269720645347
365,3040.7092845272855,3.8653404532294524,1.500518560409546,-0.022271507648264032,83,CS2_35,CALCE,86.8178605430521
366,3038.6168774446123,3.8658834942051623,1.500194787979126,-0.020635835222945716,82,CS2_35,CALCE,86.75645052735841
367,3038.484957067063,3.865018282281725,1.500194787979126,-0.022728376944111294,81,CS2_35,CALCE,86.75280540282974
368,3038.5232148017967,3.8661011117403623,1.500356674194336,-0.02040785311331942,80,CS2_35,CALCE,86.75332282302409
370,2996.1423107412975,3.873898966029539,1.500518560409546,-0.028188673858885984,78,CS2_35,CALCE,85.49979149088688
371,2982.3293399134236,3.862630544482051,1.500194787979126,-0.02615134715941511,77,CS2_35,CALCE,85.09648989639454
372,2986.6419508656472,3.8643277502384317,1.500194787979126,-0.03011453791234807,76,CS2_35,CALCE,85.22660971380364
373,3006.597158810997,3.864361154953105,1.500356674194336,-0.027274773434670205,75,CS2_35,CALCE,85.8140458796396
374,3008.8340327026817,3.865162127017975,1.500194787979126,-0.02421897489305896,74,CS2_35,CALCE,85.88135558357325
375,2980.237842122682,3.8609925204475455,1.500194787979126,-0.023010455330930674,73,CS2_35,CALCE,85.0405667501875
376,2972.8761617437704,3.8624747769307284,1.500194787979126,-0.027843372533650344,72,CS2_35,CALCE,84.82528959762718
377,2970.6878931242973,3.8623052112126754,1.500194787979126,-0.028878663112291026,71,CS2_35,CALCE,84.76123595506537
378,2973.927062242743,3.8633061643374167,1.500518560409546,-0.027731334062695692,70,CS2_35,CALCE,84.85782738585071
379,2971.2717788422888,3.86229258795916,1.500356674194336,-0.0291192697114469,69,CS2_35,CALCE,84.77979703705947
380,2983.3048925970215,3.865433725260072,1.500194787979126,-0.029176207225951288,68,CS2_35,CALCE,85.13501450820212
381,2991.9336369214434,3.8662001332048614,1.500194787979126,-0.02495355398264033,67,CS2_35,CALCE,85.38947678626715
382,2992.869337028649,3.866780215461782,1.500194787979126,-0.02304378972856028,66,CS2_35,CALCE,85.41639776986212
383,2960.9977313507407,3.862066496832896,1.500194787979126,-0.022589173366441943,65,CS2_35,CALCE,84.4811001611817
384,2856.5508251159627,3.8635081789192487,1.500518560409546,-0.02640226693791552,64,CS2_35,CALCE,84.20579978423142
385,2955.8643461095635,3.8655137861141164,1.500356674194336,-0.027213468139676487,63,CS2_35,CALCE,84.33066975159223
386,2954.459885050106,3.86474524423124,1.500518560409546,-0.02672711755812594,62,CS2_35,CALCE,84.29134578081927
387,2949.6467397222586,3.864272290936102,1.500356674194336,-0.02714134745956192,61,CS2_35,CALCE,84.15029861245267
388,2964.7159475816297,3.867929928131885,1.500194787979126,-0.027035940510424253,60,CS2_35,CALCE,84.59404025511044
389,2933.669820487092,3.867647446616221,1.500356674194336,-0.02270917034568857,59,CS2_35,CALCE,84.70534900574594
390,2968.931610816915,3.8635105297372148,1.500194787979126,-0.026740156464723906,58,CS2_35,CALCE,84.71898088120368
391,2934.1435737534775,3.8624440300954532,1.500356674194336,-0.023169904509128696,57,CS2_35,CALCE,83.69708090536523
392,2924.841175050009,3.8640991663110666,1.500194787979126,-0.026224294595886023,56,CS2_35,CALCE,83.42414468207863
393,2925.0405601150997,3.8649314872149763,1.500194787979126,-0.027701552947662,55,CS2_35,CALCE,83.43074325185007
394,2919.2033379538334,3.864199088359701,1.500194787979126,-0.027552084724723907,54,CS2_35,CALCE,83.26084641862876
395,2913.7248791252496,3.8627711571624124,1.500356674194336,-0.028962864269418673,53,CS2_35,CALCE,83.102157309008
396,2947.1752937884885,3.8664604589856904,1.500356674194336,-0.03275238474357295,52,CS2_35,CALCE,84.0829530241213
397,2955.3335814366,3.8665550614700837,1.500194787979126,-0.024465890799658562,51,CS2_35,CALCE,84.32183576501595
398,2958.0308284236235,3.8672287294420147,1.500194787979126,-0.023071614131568222,50,CS2_35,CALCE,84.40279951633863
400,2858.4850646956475,3.8643029470966286,1.500194787979126,-0.023160007224324135,48,CS2_35,CALCE,83.24859801741816
401,2924.236641869531,3.8657051949665466,1.500194787979126,-0.027070667419145045,47,CS2_35,CALCE,83.41227144179301
402,2929.0152175587136,3.8666625162170516,1.500356674194336,-0.02501334739997791,46,CS2_35,CALCE,83.55211180862959
403,2927.964826455398,3.866042790953646,1.500194787979126,-0.025246711270611642,45,CS2_35,CALCE,83.52230899950479
404,2943.445631976996,3.8651722530796104,1.500518560409546,-0.02891476224902188,44,CS2_35,CALCE,83.97657178470571
405,2956.754880733206,3.867835669598337,1.500518560409546,-0.023077735402305625,43,CS2_35,CALCE,84.36665679927319
406,2900.339688740787,3.868280140934764,1.500356674194336,-0.02098811536952043,42,CS2_35,CALCE,84.47889851156138
407,2961.8772314160015,3.8680170766405158,1.500194787979126,-0.020585406278621883,41,CS2_35,CALCE,84.5186914125832
408,2927.095932960103,3.8678251150492073,1.500356912612915,-0.02118214828752153,40,CS2_35,CALCE,84.51997591073261
409,2902.4884439943708,3.867815823973836,1.500194787979126,-0.020882555828712932,39,CS2_35,CALCE,84.54378403028227
410,2962.9959236289724,3.8678163676648527,1.500356674194336,-0.02082031983858591,38,CS2_35,CALCE,84.55179140553663
411,2962.1918542604544,3.8686442262797245,1.5006804466247559,-0.018191347931713956,37,CS2_35,CALCE,84.52816537066057
412,2961.639201605518,3.8686502316985467,1.500356674194336,-0.018985541313588743,36,CS2_35,CALCE,84.51331469973198
413,2961.1721495484235,3.8685957181333293,1.500194787979126,-0.01915520476843685,35,CS2_35,CALCE,84.49951872807131
414,2960.6562207248644,3.868469808238123,1.500518560409546,-0.01950243666967195,34,CS2_35,CALCE,84.48552288457964
415,2959.6817554466543,3.8684556363808986,1.500194787979126,-0.01943128777520695,33,CS2_35,CALCE,84.45678718295935
416,2958.3324880900327,3.868306287611374,1.500356674194336,-0.018840811428181226,32,CS2_35,CALCE,84.41751830754554
417,2956.715071604238,3.8681476742330223,1.5006804466247559,-0.019495747880367342,31,CS2_35,CALCE,84.37068924019474
420,2958.4928604987635,3.8763050911377888,1.500194787979126,-0.024990517970275128,28,CS2_35,CALCE,84.41557577814187
421,2943.21201014036,3.8649953958150505,1.500194787979126,-0.02118520055739429,27,CS2_35,CALCE,83.9688909940705
422,2935.4924588647737,3.8669994951515068,1.500356674194336,-0.02148944814431198,26,CS2_35,CALCE,83.74313147479391
423,2959.008831488958,3.8687257645493847,1.500194787979126,-0.022824882155173788,25,CS2_35,CALCE,84.43586563785169
424,2958.761961581542,3.8685564705819795,1.500194787979126,-0.0196800068203479,24,CS2_35,CALCE,84.42917767033825
425,2930.33928921989,3.865756398540432,1.500356912612915,-0.01640376305499635,23,CS2_35,CALCE,83.59635224238029
426,2906.957709105496,3.8669117472016117,1.500356674194336,-0.019801745870805913,22,CS2_35,CALCE,82.91134297572255
427,2846.090979224915,3.8688161825311593,1.500194787979126,-0.02167605351142842,21,CS2_35,CALCE,82.89710410636337
428,2907.017443476245,3.8687179499659043,1.500356674194336,-0.021587615941374177,20,CS2_35,CALCE,82.92114998814698
429,2899.7716678343713,3.866966781945064,1.500356674194336,-0.021946965641711422,19,CS2_35,CALCE,82.71010816931961
430,2897.432248987083,3.8665628606472873,1.500194787979126,-0.023580204980660577,18,CS2_35,CALCE,82.6398323055647
431,2937.527999427606,3.8722037575016284,1.500518560409546,-0.023824299975499282,17,CS2_35,CALCE,83.81604753566154
432,2939.704768159543,3.8654414112285034,1.500356674194336,-0.022033259988036322,16,CS2_35,CALCE,83.88192757166009
433,2920.558747584553,3.866880271394374,1.500194787979126,-0.017411499794462097,15,CS2_35,CALCE,83.32087878886907
434,2895.8946945529024,3.8665907604178202,1.500356674194336,-0.019633547457225488,14,CS2_35,CALCE,82.59609441722526
435,2890.855966491712,3.8663208880638993,1.500194787979126,-0.023563330607556426,13,CS2_35,CALCE,82.45015806282035
436,2896.4690003553987,3.867665257833408,1.500194787979126,-0.02382518279818966,12,CS2_35,CALCE,82.61217045883834
437,2889.8647296020936,3.866099613348093,1.500194787979126,-0.02298150635219685,11,CS2_35,CALCE,82.41991946761048
438,2887.0639283884957,3.866563996641694,1.500194787979126,-0.02396454666636459,10,CS2_35,CALCE,82.33899846946555
439,2918.4552159588493,3.869914144994467,1.500194787979126,-0.02592880374318328,9,CS2_35,CALCE,83.2594361942858
440,2889.151941653603,3.8681492748520885,1.500194787979126,-0.020326271645228915,8,CS2_35,CALCE,83.42033476764301
441,2917.6330914377468,3.8680522425645063,1.500356674194336,-0.019945125997962974,7,CS2_35,CALCE,83.23737922657403
442,2871.4574124901264,3.8677790049848886,1.500194787979126,-0.015947623750303293,6,CS2_35,CALCE,81.88422859800848
443,2858.429774161603,3.86726562071345,1.500194787979126,-0.022149744952506815,5,CS2_35,CALCE,81.50292363873287
445,2958.4813648309073,3.7335866928100585,1.500518798828125,-0.8221755032378715,3,CS2_35,CALCE,84.43852333997327
446,2912.343150382487,3.8676511919176257,1.500356674194336,-0.01636671026613299,2,CS2_35,CALCE,83.09127269670621
447,2828.707826366499,3.8612871269731155,1.500356674194336,-0.015793178561820977,1,CS2_35,CALCE,80.63676906575301
448,2783.5980071913,3.867293590285872,1.500194787979126,-0.020935493098708756,0,CS2_35,CALCE,79.31619582466064
1,3489.8984275749644,3.868474796585653,1.5005133152008057,-0.022204044395875408,336,CS2_36,CALCE,99.87310329204425
2,3411.230647190103,3.860463987328851,1.5003514289855957,-0.017127287479628026,335,CS2_36,CALCE,100.35261801987326
3,3454.3887280044073,3.859283212205054,1.5005130767822266,-0.014267517622719309,334,CS2_36,CALCE,100.5955258551379
4,3500.5619541660926,3.859719402689329,1.5008370876312256,-0.009413499587574568,333,CS2_36,CALCE,100.18570031178375
5,3415.209959504078,3.8558345914226653,1.5003514289855957,-0.01597121083653569,332,CS2_36,CALCE,99.45072281918985
6,3439.3670218428306,3.8573168080193656,1.5003511905670166,-0.017261765878356528,331,CS2_36,CALCE,99.41543299401525
7,3471.7788857286214,3.860291733782749,1.5003514289855957,-0.014402069281951797,330,CS2_36,CALCE,99.34390356031045
9,3447.775735237306,3.7703224614262583,1.5001893043518066,-0.6888475105386533,328,CS2_36,CALCE,98.64635726514929
10,3403.870090255843,3.8576085222938845,1.5001893043518066,-0.014950351759690773,327,CS2_36,CALCE,98.38030436045524
11,3467.8404491431174,3.864016826125397,1.5006754398345947,-0.01633017182853789,326,CS2_36,CALCE,99.23197363358881
12,3413.546167771725,3.8574676921225,1.5003514289855957,-0.016267161200203113,325,CS2_36,CALCE,99.4045728217998
13,3457.6546025119387,3.8556216621398924,1.5005130767822266,-0.013259457437379751,324,CS2_36,CALCE,98.93310668270396
14,3438.477020935039,3.85681501886119,1.5001893043518066,-0.016477069887459155,323,CS2_36,CALCE,98.37255814784488
15,3439.3794341896864,3.8596525883329087,1.5001893043518066,-0.01641273714730219,322,CS2_36,CALCE,98.39934084224254
16,3441.5547479812813,3.8613306235715834,1.5001893043518066,-0.015445645814928067,321,CS2_36,CALCE,98.4618697840027
18,3438.9790624630564,3.8253539737234723,1.5005133152008057,-0.48907555644008754,319,CS2_36,CALCE,98.39484110527874
19,3433.6953694505773,3.85783051200535,1.5003511905670166,-0.01612745805144094,318,CS2_36,CALCE,98.24035846158752
20,3434.6652970672912,3.8584530831769457,1.5001893043518066,-0.018082469797877292,317,CS2_36,CALCE,98.26822659325379
21,3457.78772159692,3.862095067955855,1.5005133152008057,-0.01944006630101758,316,CS2_36,CALCE,98.9434797111645
22,3467.950932303189,3.8606258914258897,1.5003514289855957,-0.015021859235682306,315,CS2_36,CALCE,99.23991778943862
23,3466.6295169435107,3.860200379235404,1.5005133152008057,-0.012974616950752015,314,CS2_36,CALCE,99.20116718183559
24,3434.5181426454074,3.8561807326498747,1.5001893043518066,-0.01509652070213591,313,CS2_36,CALCE,98.26286444549486
25,3402.7937502584246,3.859980522893196,1.5001893043518066,-0.017993094387303815,312,CS2_36,CALCE,98.35349234695236
26,3431.1698320604773,3.8573428156764007,1.5003511905670166,-0.018154393406760835,311,CS2_36,CALCE,98.16511486370815
27,3426.9216185704863,3.857561288877975,1.5005133152008057,-0.01767525861853142,310,CS2_36,CALCE,98.04037005780954
28,3435.0452257668658,3.8616736960965534,1.5005133152008057,-0.018615547662870255,309,CS2_36,CALCE,98.27867033922551
29,3451.315448136389,3.859585870583394,1.5001893043518066,-0.01797946609310257,308,CS2_36,CALCE,98.75371957263673
30,3394.3812249937328,3.8594131784877557,1.5006754398345947,-0.01630664771980902,307,CS2_36,CALCE,98.84993166809546
31,3418.7438013966894,3.8530896629112354,1.5005133152008057,-0.016531909939131118,306,CS2_36,CALCE,97.80270947297373
32,3419.5253693350533,3.859932021346203,1.5003511905670166,-0.018903239116573173,305,CS2_36,CALCE,97.82508450841067
33,3418.3809972455783,3.857593665665162,1.5003511905670166,-0.01960229367708771,304,CS2_36,CALCE,97.79101844774583
34,3418.5753049696796,3.858088075593331,1.5003511905670166,-0.019704659725250893,303,CS2_36,CALCE,97.7921373052397
35,3357.2525975707977,3.857290905121474,1.5003511905670166,-0.021019831499126018,302,CS2_36,CALCE,97.75925566642589
36,3437.023754956026,3.862656816537829,1.5001893043518066,-0.016341551147406395,301,CS2_36,CALCE,98.33199482809272
37,3441.0069717967417,3.858321833679243,1.5003514289855957,-0.017815369983241954,300,CS2_36,CALCE,98.44824415438455
38,3442.849761841644,3.8589691512886133,1.5005133152008057,-0.016241826790775675,299,CS2_36,CALCE,98.50247085038362
39,3409.212141418451,3.8588402305526297,1.5003514289855957,-0.016261692437245952,298,CS2_36,CALCE,98.53736623057924
40,3445.4020365410834,3.8588332396814193,1.5005133152008057,-0.016329129361278234,297,CS2_36,CALCE,98.57775714671531
41,3446.6504484934267,3.8587746044685103,1.5006754398345947,-0.016125251109519137,296,CS2_36,CALCE,98.61423564487626
42,3448.925416005659,3.858940767830816,1.5005130767822266,-0.01612263604897896,295,CS2_36,CALCE,98.6798971688106
43,3388.456725860422,3.85954685402463,1.5009989738464355,-0.014296774682555519,294,CS2_36,CALCE,98.67338001739512
44,3415.0154611992184,3.8597181150769777,1.5003514289855957,-0.014542814173422458,293,CS2_36,CALCE,98.70861539209123
45,3448.003940755385,3.8592475089097773,1.5005130767822266,-0.014494856571752637,292,CS2_36,CALCE,98.65456081700201
46,3386.642456008878,3.8592540035958276,1.5005130767822266,-0.014635079608568694,291,CS2_36,CALCE,98.62045997003774
47,3450.508084622561,3.860101923218429,1.5006749629974365,-0.014511537902510157,290,CS2_36,CALCE,98.72801985260305
48,3448.6989048029063,3.8593166646438206,1.5005130767822266,-0.01447452894032714,289,CS2_36,CALCE,98.67561653784628
49,3449.869594497897,3.8596215746805798,1.5006752014160156,-0.014624133282377756,288,CS2_36,CALCE,98.70964334212407
50,3390.0362409563386,3.8593570393614236,1.5006749629974365,-0.014513624463816452,287,CS2_36,CALCE,98.7206861155356
51,3391.6879038525512,3.859503224107802,1.5011610984802246,-0.014558974468226966,286,CS2_36,CALCE,98.76903330530223
52,3439.7485456285067,3.8604934654016603,1.5006752014160156,-0.011234235042326778,285,CS2_36,CALCE,98.41392031002813
53,3368.6053669270477,3.858321707609088,1.5001893043518066,-0.012754343618812421,284,CS2_36,CALCE,97.3524424656204
54,3408.2049388924497,3.8625763313114994,1.5001893043518066,-0.016053115613830046,283,CS2_36,CALCE,97.49028687114907
55,3401.6035723797977,3.859789630822968,1.5006754398345947,-0.01606269087353095,282,CS2_36,CALCE,97.29718701901353
56,3395.506978351332,3.859167071731209,1.5005133152008057,-0.017839449994452777,281,CS2_36,CALCE,97.11946006478833
57,3348.690199255012,3.86485625289337,1.5001893043518066,-0.017228702452942276,280,CS2_36,CALCE,97.51186580243227
58,3425.0711631850572,3.861588746913965,1.5006754398345947,-0.01591179298559217,279,CS2_36,CALCE,97.98416063419916
59,3367.5291225631954,3.8621204916269702,1.5005130767822266,-0.013858672188409075,278,CS2_36,CALCE,98.06229466864134
60,3389.5382932898356,3.855063952787972,1.5003511905670166,-0.014556182885897866,277,CS2_36,CALCE,96.94711095793318
61,3387.631671743118,3.8592077816233914,1.5003511905670166,-0.0193377237791805,276,CS2_36,CALCE,96.89016022903576
62,3388.3897918533767,3.8612677535118416,1.5003514289855957,-0.016287168624192376,275,CS2_36,CALCE,96.91140901214871
63,3387.260278460919,3.8600277593058925,1.5003511905670166,-0.017937614329506114,274,CS2_36,CALCE,96.88088574935462
64,3378.384172830265,3.8604833580399687,1.5005133152008057,-0.016401403679912167,273,CS2_36,CALCE,96.621232732409
65,3370.772682019975,3.8649893350768507,1.5003514289855957,-0.016934539838899976,272,CS2_36,CALCE,97.41801630925156
66,3409.954239179613,3.8627517494446333,1.5003514289855957,-0.014339253264642252,271,CS2_36,CALCE,97.55168779361556
68,3416.0247414711666,3.8675996187495345,1.5001893043518066,-0.02372607936422222,269,CS2_36,CALCE,97.71879405577342
69,3412.7606505181975,3.8608727810675636,1.5001893043518066,-0.016166950086816227,268,CS2_36,CALCE,97.6227992426167
70,3429.5886119025454,3.8632778092654037,1.5001893043518066,-0.020228153599087424,267,CS2_36,CALCE,98.11543504534859
71,3437.3254355507743,3.8617563434269115,1.5003511905670166,-0.016151191995384683,266,CS2_36,CALCE,98.3414690725704
72,3438.688680860905,3.86208898966023,1.5005133152008057,-0.014347799391628073,265,CS2_36,CALCE,98.38064415860019
73,3397.4650778547802,3.8562693484345374,1.5005133152008057,-0.015918535129968773,264,CS2_36,CALCE,97.17547437743495
74,3396.9355157892714,3.8616574558694343,1.5003511905670166,-0.018344672728613936,263,CS2_36,CALCE,97.16390648320888
75,3393.2678571915603,3.859204442360822,1.5001893043518066,-0.019321670896769158,262,CS2_36,CALCE,97.05809192081065
76,3390.9663084005006,3.8607174490204303,1.5003511905670166,-0.01799096213141593,261,CS2_36,CALCE,96.98991449249027
77,3394.2055984434264,3.8616673764060527,1.5003511905670166,-0.019477376539212214,260,CS2_36,CALCE,97.08133217657351
78,3376.741501863071,3.8649027152937285,1.5001893043518066,-0.015475874510033696,259,CS2_36,CALCE,97.58991910857969
79,3414.7197110218694,3.8609709034795348,1.5003514289855957,-0.016883630894986658,258,CS2_36,CALCE,97.68144339845364
80,3380.882406460849,3.859638192625933,1.5008373260498047,-0.017527186069052077,257,CS2_36,CALCE,97.71083238826455
81,3416.3087921024417,3.8604784094769022,1.5005133152008057,-0.016554060649460828,256,CS2_36,CALCE,97.72818163359463
82,3418.494801989582,3.861725716232564,1.5005133152008057,-0.01541883363467547,255,CS2_36,CALCE,97.79192292253445
83,3418.362343335204,3.861200009467285,1.5005133152008057,-0.015517156057627038,254,CS2_36,CALCE,97.78822369006167
84,3417.8963635458786,3.8609827984275156,1.5006749629974365,-0.015450907450467429,253,CS2_36,CALCE,97.77514382934672
85,3356.584817489813,3.860996376572317,1.5005130767822266,-0.01520431256993348,252,CS2_36,CALCE,97.7425305593639
86,3416.0475491084508,3.8608994697559775,1.5006754398345947,-0.015456166034730923,251,CS2_36,CALCE,97.72116476556147
87,3414.947882541921,3.8598140896230504,1.5005133152008057,-0.015904410999644535,250,CS2_36,CALCE,97.68959231085984
89,3413.2463799042744,3.860130330041654,1.5005130767822266,-0.015476670893872455,248,CS2_36,CALCE,97.64056606324037
90,3413.3126504110987,3.860811459535808,1.5006749629974365,-0.015231652586844365,247,CS2_36,CALCE,97.64257365624519
91,3413.1239871428697,3.8608152142838934,1.5006752014160156,-0.014965078565303836,246,CS2_36,CALCE,97.63633446838249
93,3412.086660573317,3.860047476829132,1.5009989738464355,-0.01536362612378754,244,CS2_36,CALCE,97.60684696920183
94,3411.26557765936,3.8605689781938675,1.5009989738464355,-0.015405163925690872,243,CS2_36,CALCE,97.58177002728841
95,3371.373037691752,3.8578431201957124,1.5003511905670166,-0.012271562543156766,242,CS2_36,CALCE,96.4142135737193
96,3361.6703241055366,3.861748563856502,1.5001893043518066,-0.015910909739343566,241,CS2_36,CALCE,96.13179254175233
97,3358.4203506337944,3.8608185969866238,1.5003511905670166,-0.01884189272982574,240,CS2_36,CALCE,96.0392000734888
98,3352.4062420219416,3.8636772392057877,1.5001893043518066,-0.014702285125702054,239,CS2_36,CALCE,95.86223577420141
99,3343.974337527994,3.8621882909820195,1.5003511905670166,-0.016301102576064642,238,CS2_36,CALCE,95.61655605363033
100,3377.5803743870347,3.867395251460329,1.5003514289855957,-0.018750931353770824,237,CS2_36,CALCE,96.59893050924266
101,3382.720680579834,3.8617148378439117,1.5003514289855957,-0.01698241411783693,236,CS2_36,CALCE,96.75048571475514
102,3359.1380076522473,3.8587656930045298,1.5006754398345947,-0.013783792100192658,235,CS2_36,CALCE,96.05981630101616
103,3341.2458150608,3.861350947192737,1.5003511905670166,-0.017322255799930037,234,CS2_36,CALCE,95.53769215745184
104,3341.9197012786753,3.862969197088213,1.5001893043518066,-0.018855468048053835,233,CS2_36,CALCE,95.5573126316276
105,3335.970149363042,3.861755608088935,1.5001893043518066,-0.019024358588225668,232,CS2_36,CALCE,95.38363154664815
106,3337.206121030613,3.862718260466163,1.5003511905670166,-0.018166875129404004,231,CS2_36,CALCE,95.41921866588136
107,3355.5925002599834,3.8640234896114896,1.5001893043518066,-0.021983496119381534,230,CS2_36,CALCE,95.9574793410653
108,3361.303934738331,3.8624939144888457,1.5006754398345947,-0.017088313325461766,229,CS2_36,CALCE,96.12364858356494
109,3363.5064294529147,3.863697750428144,1.5005133152008057,-0.015181852156349445,228,CS2_36,CALCE,96.18942830828205
110,3327.0733777111163,3.8586504402614774,1.5001893043518066,-0.0171576596824577,227,CS2_36,CALCE,95.12418280704392
111,3325.3135740837315,3.8653510676489935,1.5001893043518066,-0.017272507139169065,226,CS2_36,CALCE,95.07238439600638
112,3318.879432688467,3.863373338997185,1.5003511905670166,-0.016159661220624,225,CS2_36,CALCE,94.88522991972678
113,3320.619975063717,3.8644610133515784,1.5005133152008057,-0.018731750737236118,224,CS2_36,CALCE,94.93592666782271
114,3326.0462036057143,3.8614150726043426,1.5003511905670166,-0.022250538606489602,223,CS2_36,CALCE,95.09288931863706
115,3347.3470888566226,3.866025970805259,1.5001893043518066,-0.01719881044118665,222,CS2_36,CALCE,95.71729838305492
116,3350.3793778069085,3.864741822024835,1.5005133152008057,-0.01583485400548774,221,CS2_36,CALCE,95.81131716727678
118,3331.3536017945426,3.868732529717523,1.5001893043518066,-0.021615719505158875,219,CS2_36,CALCE,95.24790481476066
119,3326.041876581374,3.861046842472282,1.5003511905670166,-0.02056126546604046,218,CS2_36,CALCE,95.09257312916472
120,3312.8062943283658,3.861725519220513,1.5001893043518066,-0.018578869162619336,217,CS2_36,CALCE,94.7055957234288
121,3342.98334916796,3.8668429259054675,1.5005133152008057,-0.02045668750849042,216,CS2_36,CALCE,95.58786071719555
122,3347.749831803645,3.8654142197232573,1.5001893043518066,-0.015072610560277455,215,CS2_36,CALCE,95.72721912543912
123,3318.7917698451492,3.8613022544554303,1.5001893043518066,-0.01243523775368279,214,CS2_36,CALCE,94.88085429234509
124,3209.5417104938388,3.862103622361838,1.5003511905670166,-0.018777231034268385,213,CS2_36,CALCE,94.46624399453027
125,3305.217813509269,3.862542844610992,1.5001893043518066,-0.019441887903689503,212,CS2_36,CALCE,94.48963101368297
126,3302.22329214045,3.8621724228124243,1.5005133152008057,-0.020875289103823778,211,CS2_36,CALCE,94.39740543379746
127,3294.809308075928,3.86435904936357,1.5001893043518066,-0.017342585023707766,210,CS2_36,CALCE,94.18123634009852
128,3319.1722589570127,3.8681771481505334,1.5003511905670166,-0.019618314508967005,209,CS2_36,CALCE,94.89270502971861
129,3326.5122305198747,3.863170332695121,1.5003511905670166,-0.018639333994186887,208,CS2_36,CALCE,95.10720622622475
130,3268.224426978675,3.863403083313079,1.5005133152008057,-0.016235591683913038,207,CS2_36,CALCE,95.16409299553476
131,3268.775082211534,3.8632261625358035,1.5006749629974365,-0.016696897124737525,206,CS2_36,CALCE,95.18019238034243
132,3295.122998759238,3.86327292237963,1.5005130767822266,-0.016770532978972325,205,CS2_36,CALCE,95.20933085914342
133,3334.9330948145653,3.8641522093897773,1.5005133152008057,-0.01687611286390512,204,CS2_36,CALCE,95.35440042753217
134,3336.536098130833,3.864125174655405,1.5005133152008057,-0.015387873193420103,203,CS2_36,CALCE,95.40127857741706
135,3302.8149579997407,3.8641756451094538,1.5005130767822266,-0.015074771803429624,202,CS2_36,CALCE,95.43401778030035
136,3338.4491184697545,3.863983399082716,1.5005130767822266,-0.015118497823811004,201,CS2_36,CALCE,95.45729663363856
137,3338.7281083619164,3.863966578899576,1.5006749629974365,-0.015403528774909548,200,CS2_36,CALCE,95.46628887162647
138,3338.7218186529644,3.8638512090688644,1.5005130767822266,-0.014627251494002255,199,CS2_36,CALCE,95.46575387428494
139,3278.4523041485227,3.863819491615635,1.5006749629974365,-0.015191375718250641,198,CS2_36,CALCE,95.46392313768962
140,3338.7168519546394,3.8647394977377716,1.5008370876312256,-0.0136646218512644,197,CS2_36,CALCE,95.46595578591165
141,3339.0304920797353,3.864814250426885,1.5005133152008057,-0.01342456727197391,196,CS2_36,CALCE,95.47667536747068
142,3340.635947193019,3.8650112095669176,1.5005133152008057,-0.013123155296928271,195,CS2_36,CALCE,95.52242180328138
144,3278.5647173909238,3.8639871354639177,1.5005130767822266,-0.013633402023671441,193,CS2_36,CALCE,95.46831815046345
145,3276.7070928312605,3.864540135366677,1.5005130767822266,-0.013721672715598541,192,CS2_36,CALCE,95.4146948647479
146,3288.0857302124496,3.8617318559841936,1.5003511905670166,-0.014051062079784335,191,CS2_36,CALCE,93.98723888014108
147,3282.4872088231496,3.8637291479255653,1.5001893043518066,-0.018713048717295778,190,CS2_36,CALCE,93.8238227331944
148,3279.964533294784,3.8641633661322317,1.5001893043518066,-0.019007775765313983,189,CS2_36,CALCE,93.7499303550056
149,3276.1805028976523,3.8637340597831007,1.5003511905670166,-0.017945542684218375,188,CS2_36,CALCE,93.63933887384394
150,3273.2242804656853,3.8626894667381193,1.5003511905670166,-0.01994655305076399,187,CS2_36,CALCE,93.55328312082503
151,3242.0029336852604,3.8652185723860817,1.5003514289855957,-0.0199997503967872,186,CS2_36,CALCE,94.40061875696193
152,3308.0160495904274,3.8646418661684603,1.5006754398345947,-0.016414246739688197,185,CS2_36,CALCE,94.57033908748556
153,3215.9154946016497,3.860053593135742,1.5003511905670166,-0.013146381409383304,184,CS2_36,CALCE,93.63790580338734
154,3204.4755731458426,3.8652930303451116,1.5003511905670166,-0.017179729234244226,183,CS2_36,CALCE,93.3036386514695
155,3268.2575389411068,3.8631783476689967,1.5003511905670166,-0.01954055511904277,182,CS2_36,CALCE,93.40727378517741
156,3259.5021131708054,3.8650770508185803,1.5001893043518066,-0.017101842088335397,181,CS2_36,CALCE,93.15242785072584
157,3215.2565884241485,3.8632292550034317,1.5003511905670166,-0.018803940368605568,180,CS2_36,CALCE,92.87754608664368
158,3283.017638637568,3.868964880613741,1.5001893043518066,-0.022212938229481845,179,CS2_36,CALCE,93.83881589120375
159,3293.9751784294494,3.86733010168162,1.5005133152008057,-0.015414296765767778,178,CS2_36,CALCE,94.16061137635107
160,3226.4851951474557,3.86606023972293,1.5003514289855957,-0.013393511474872406,177,CS2_36,CALCE,93.94742441495062
161,3250.0030240044,3.8622751548522856,1.5001893043518066,-0.015739026834170347,176,CS2_36,CALCE,92.87547188118998
162,3191.2940772746806,3.865383080178243,1.5003511905670166,-0.018830168103542825,175,CS2_36,CALCE,92.91937036489243
163,3256.663335759891,3.8658372039443876,1.5001893043518066,-0.019178947924398473,174,CS2_36,CALCE,93.0663524636247
164,3251.193646972999,3.864079359850269,1.5003511905670166,-0.01899367904901559,173,CS2_36,CALCE,92.90571989019347
165,3256.194675036706,3.865370667785223,1.5003511905670166,-0.0187537196092129,172,CS2_36,CALCE,93.05063067347945
166,3248.7045377405593,3.86712317553697,1.5005133152008057,-0.017936148953606023,171,CS2_36,CALCE,93.84972130245012
168,3270.8856698645704,3.869664292816722,1.5005133152008057,-0.022448829296128667,169,CS2_36,CALCE,93.47957441205267
169,3270.5579844843123,3.8619837294295656,1.5005133152008057,-0.0222485462769322,168,CS2_36,CALCE,93.47019845757617
170,3260.8055442717596,3.8633590863972174,1.5005133152008057,-0.014866574859719017,167,CS2_36,CALCE,93.18550563193487
171,3188.0126702048583,3.863261420910175,1.5005133152008057,-0.019741243341122754,166,CS2_36,CALCE,92.81745156186452
172,3240.1643439451727,3.862320449617174,1.5003511905670166,-0.021735440084111036,165,CS2_36,CALCE,92.58826517702687
173,3240.8878887048486,3.863505756413495,1.5001893043518066,-0.02218519412871288,164,CS2_36,CALCE,92.60912513581926
174,3239.8693392913847,3.8629238377382724,1.5001893043518066,-0.02261361458263702,163,CS2_36,CALCE,92.57461667612523
175,3236.084482273014,3.8659174169180193,1.5003511905670166,-0.018914544464140516,162,CS2_36,CALCE,92.46475698756646
176,3227.924020194754,3.8648362587849054,1.5001893043518066,-0.018855405983932448,161,CS2_36,CALCE,92.22678626957531
177,3222.622806646308,3.8693667414747637,1.5001893043518066,-0.021561940268940007,160,CS2_36,CALCE,93.0897029686072
178,3204.5316494788713,3.867290679832482,1.5003514289855957,-0.01653715998824545,159,CS2_36,CALCE,93.30216073804813
179,3267.3864672148775,3.863104770823223,1.5006754398345947,-0.020273244269779618,158,CS2_36,CALCE,93.379573494346
180,3268.6823933627456,3.8639531454416756,1.5005133152008057,-0.018742914435168512,157,CS2_36,CALCE,93.41755247724132
181,3269.267886176298,3.863855672824709,1.5005133152008057,-0.0185731561557428,156,CS2_36,CALCE,93.43506254035177
182,3235.1221739056055,3.863831049765497,1.5005133152008057,-0.018818116957779286,155,CS2_36,CALCE,93.45545816899887
183,3270.6066190229903,3.863804479500443,1.5005130767822266,-0.01870310162759342,154,CS2_36,CALCE,93.47502269981264
185,3222.7164154922357,3.8711496610021445,1.5003514289855957,-0.018825555736140993,152,CS2_36,CALCE,92.08538915881871
186,3213.9989072212993,3.864090636924461,1.5003514289855957,-0.016880225691833693,151,CS2_36,CALCE,91.83014454719496
187,3230.4246152412525,3.868529530870656,1.5005133152008057,-0.018745577383032085,150,CS2_36,CALCE,92.30987141913803
188,3236.144732027409,3.8674736976623536,1.5005130767822266,-0.014796853588598493,149,CS2_36,CALCE,92.47776172091726
189,3236.376431972043,3.8679180086756046,1.5005130767822266,-0.013321695025955638,148,CS2_36,CALCE,92.48446762806104
190,3155.583706385747,3.8621027705839173,1.5005133152008057,-0.013120601947238054,147,CS2_36,CALCE,91.14286530008569
191,3187.149356164431,3.8654332175850867,1.5003514289855957,-0.018608797275146572,146,CS2_36,CALCE,91.04761243641966
192,3192.6606349931244,3.8661342419683935,1.5006749629974365,-0.019101697186624734,145,CS2_36,CALCE,91.2085687832379
193,3187.8885887060605,3.865455342973133,1.5006752014160156,-0.01682335230668918,144,CS2_36,CALCE,91.06990743640655
194,3145.4246073711547,3.8634854950010777,1.5009989738464355,-0.01859685998574605,143,CS2_36,CALCE,90.84664215477609
195,3148.5633255955036,3.8673264284311615,1.5008370876312256,-0.020438897764783494,142,CS2_36,CALCE,91.6798847284751
196,3176.3217457298597,3.865045471691791,1.5006749629974365,-0.016916165231201756,141,CS2_36,CALCE,91.7500306173867
197,3188.9289092884283,3.864843262238399,1.5005130767822266,-0.01383083549336438,140,CS2_36,CALCE,91.09985026474178
198,3166.359708380711,3.8655404244844442,1.5003514289855957,-0.01514905393279638,139,CS2_36,CALCE,90.44168907654658
199,3164.0830160815094,3.8660629170495757,1.5005130767822266,-0.01692559044768246,138,CS2_36,CALCE,90.37525497801565
200,3168.8945569030766,3.8669532522465446,1.5006752014160156,-0.016588633722739526,137,CS2_36,CALCE,90.51515685891394
201,3169.0146733622532,3.8676567204693644,1.5006749629974365,-0.015452450948098067,136,CS2_36,CALCE,90.52504270518433
202,3168.030736228946,3.865990075675197,1.5003514289855957,-0.017049733216584362,135,CS2_36,CALCE,90.494218101795
203,3195.7702844367304,3.8687583679722106,1.5005130767822266,-0.017161696711631282,134,CS2_36,CALCE,91.30469880098589
204,3199.2190295258188,3.867382265766215,1.5006752014160156,-0.014723004317133448,133,CS2_36,CALCE,91.40509828579216
205,3158.41000478511,3.8636926131218856,1.5005130767822266,-0.010540466172376977,132,CS2_36,CALCE,90.21439892261178
206,3134.1507743175316,3.8655298737030996,1.5006754398345947,-0.015461144979090484,131,CS2_36,CALCE,89.50662515493573
207,3084.283589370636,3.868430329126025,1.5005133152008057,-0.017440978862624246,130,CS2_36,CALCE,89.80285369659424
208,3150.143851557921,3.8649727166453496,1.5008370876312256,-0.02076340247736028,129,CS2_36,CALCE,89.96804366371676
209,3136.3825163263828,3.8664335450039635,1.5005133152008057,-0.01509614893567934,128,CS2_36,CALCE,89.56668214703734
210,3165.093047555536,3.8684735411689397,1.5005130767822266,-0.02239853162946741,127,CS2_36,CALCE,90.40492059863045
211,3176.625321857515,3.86894590353891,1.5006749629974365,-0.01509659005127202,126,CS2_36,CALCE,90.7410048203017
212,3119.313438845915,3.8655557417052555,1.5008370876312256,-0.0166516331299821,125,CS2_36,CALCE,90.82523866550463
213,3129.1803490185994,3.862424932443757,1.5003514289855957,-0.013566113917121432,124,CS2_36,CALCE,89.35583168677302
214,3118.056719384098,3.8685324359625675,1.5005133152008057,-0.015293897153166593,123,CS2_36,CALCE,89.03197736316199
215,3125.2234594484325,3.865891723206249,1.5003514289855957,-0.020644067292473242,122,CS2_36,CALCE,89.24038475140122
216,3136.2618387104594,3.8676656894623096,1.5003514289855957,-0.018692985820429397,121,CS2_36,CALCE,89.56231939849302
217,3123.831323250779,3.864934813787067,1.5003514289855957,-0.01690040837214809,120,CS2_36,CALCE,89.2007331592661
218,3157.342064990138,3.8697529480427124,1.5006749629974365,-0.020278657644989317,119,CS2_36,CALCE,90.1780618874022
219,3164.0274252993404,3.8671157345082023,1.5006749629974365,-0.01721792736479869,118,CS2_36,CALCE,90.37413650161483
220,3131.575505582441,3.8677420122870085,1.5005130767822266,-0.01511826099603266,117,CS2_36,CALCE,90.44304916015744
221,3167.7904152445262,3.8676496090186427,1.5006752014160156,-0.015167877019574972,116,CS2_36,CALCE,90.48472159915703
222,3072.9897282543825,3.867453101286694,1.5006752014160156,-0.014886153377424691,115,CS2_36,CALCE,90.49197799630691
223,3169.2362711846945,3.8674769760299252,1.5008370876312256,-0.01510343392707844,114,CS2_36,CALCE,90.52785785816032
224,3137.3486933692475,3.8688487939536573,1.5006752014160156,-0.013618987724748876,113,CS2_36,CALCE,90.61247119436501
225,3111.054172848293,3.868285945802927,1.5009992122650146,-0.013450141495604839,112,CS2_36,CALCE,90.58661104545186
226,3170.1352032055147,3.868127004057169,1.5006752014160156,-0.013556451927797752,111,CS2_36,CALCE,90.55296306030101
227,3134.754446022329,3.8682581089437007,1.5013232231140137,-0.01343081229974814,110,CS2_36,CALCE,90.5372217814438
228,3167.8496446431964,3.868130552768707,1.5008370876312256,-0.01323524410427126,109,CS2_36,CALCE,90.48648690068364
229,3166.6920929626212,3.8681016959249974,1.5006752014160156,-0.013162475299850485,108,CS2_36,CALCE,90.45224207111217
230,3165.018667394819,3.8670976834611084,1.5006752014160156,-0.014923793468555015,107,CS2_36,CALCE,90.40430404021346
231,3164.576490276959,3.867064176308324,1.5008373260498047,-0.015343526738011906,106,CS2_36,CALCE,90.39238024329829
232,3129.3596555062104,3.866999187439587,1.5008373260498047,-0.015186126450285444,105,CS2_36,CALCE,90.37951499648196
233,3128.528739947127,3.8669895423243412,1.5008373260498047,-0.014542266932592748,104,CS2_36,CALCE,90.35572514033325
235,3106.3904344853727,3.874168281706553,1.5006749629974365,-0.017494114378877428,102,CS2_36,CALCE,89.70935911515254
236,3127.9702836137367,3.865092158696008,1.5003514289855957,-0.017421343807031267,101,CS2_36,CALCE,89.32212621543611
237,3094.924687789815,3.867192156755241,1.5006749629974365,-0.02436041477241792,100,CS2_36,CALCE,90.1157444518385
238,3127.8820556052524,3.8668432250712654,1.5006752014160156,-0.016837492869859753,99,CS2_36,CALCE,90.3365615663131
239,3163.1179163722554,3.8674140223141373,1.5008373260498047,-0.01501731947078085,98,CS2_36,CALCE,90.34865052957831
240,3008.999233008559,3.8632647014799573,1.5006749629974365,-0.01218368856916352,97,CS2_36,CALCE,88.6247068603005
241,3098.828008356926,3.866264078778086,1.5003514289855957,-0.019180576353415493,96,CS2_36,CALCE,88.47228640138299
242,3065.118813247318,3.8665500001508706,1.5006749629974365,-0.01925018758325309,95,CS2_36,CALCE,88.50113942879182
243,3038.8088046623743,3.866345325850214,1.5006749629974365,-0.018392633039991287,94,CS2_36,CALCE,88.47322906400636
244,3027.6215396032203,3.8680939812814037,1.5006749629974365,-0.014824120111570077,93,CS2_36,CALCE,88.14651837929762
245,3029.3173191223614,3.8691083131692348,1.5006752014160156,-0.022147601073671606,92,CS2_36,CALCE,89.21362814135226
246,3098.7152124200366,3.867562356827751,1.5006752014160156,-0.01704652795571804,91,CS2_36,CALCE,89.48237859861013
247,3062.3306216222118,3.866712360442439,1.5009992122650146,-0.015100180950418079,90,CS2_36,CALCE,89.16104595212016
248,3019.8346659814415,3.8661713646155844,1.5006752014160156,-0.013714107578529353,89,CS2_36,CALCE,87.91884346069492
249,3024.654532325221,3.8695263584840647,1.5005133152008057,-0.017230087824819103,88,CS2_36,CALCE,88.05973735509546
250,2985.484649360151,3.8675370987950792,1.5003514289855957,-0.017417309502844962,87,CS2_36,CALCE,87.93359685391628
251,3074.408432714612,3.8670978168067807,1.5005130767822266,-0.01744380307564298,86,CS2_36,CALCE,87.75525064717041
252,3063.3557921836327,3.8651354405787086,1.5005130767822266,-0.018171484533887488,85,CS2_36,CALCE,87.43204633958703
253,3107.036293902318,3.8710100127804665,1.5006752014160156,-0.020876882013380376,84,CS2_36,CALCE,88.70746096214455
254,3052.838421280321,3.8690302455768038,1.5008370876312256,-0.015175331233356806,83,CS2_36,CALCE,88.88393856549914
255,3049.764730488532,3.8671796902632103,1.5006752014160156,-0.011878852920208608,82,CS2_36,CALCE,88.05400333499526
256,3015.169332577614,3.8664155495671575,1.5005130767822266,-0.015462772728377006,81,CS2_36,CALCE,87.04360752610363
257,3054.769262081245,3.869062569884003,1.5003514289855957,-0.01908762609332296,80,CS2_36,CALCE,87.18310951914046
258,2960.218890639313,3.8683524568096486,1.5005130767822266,-0.017231525317613596,79,CS2_36,CALCE,87.19722099504867
259,2945.7325611143606,3.8654533940435245,1.5003514289855957,-0.01407693728188011,78,CS2_36,CALCE,85.75745299245251
260,2985.4792327596806,3.865811626383122,1.5001893043518066,-0.020436858698706557,77,CS2_36,CALCE,85.1589659583966
261,3059.017500204267,3.872662252937721,1.5005130767822266,-0.02475980641712575,76,CS2_36,CALCE,87.30663915286227
262,3008.9691130775027,3.867527683833977,1.5008370876312256,-0.019176787746104096,75,CS2_36,CALCE,87.60279585560384
263,3020.360335295147,3.8657476094336,1.5006752014160156,-0.01009455779827115,74,CS2_36,CALCE,86.17819260901352
264,2968.470930001,3.8655474049475056,1.5001893043518066,-0.0179104111971677,73,CS2_36,CALCE,84.66398382154846
265,2969.119485113246,3.869341228776059,1.5001893043518066,-0.021822125060479865,72,CS2_36,CALCE,84.68241505929237
266,2863.6837280821055,3.866133892617258,1.5001893043518066,-0.02408134365000138,71,CS2_36,CALCE,84.37889944880601
267,2953.4180387551314,3.866588959888536,1.5001893043518066,-0.022459503866991085,70,CS2_36,CALCE,84.22531247288357
268,2965.260389070085,3.867609041135873,1.5001893043518066,-0.02533460517265713,69,CS2_36,CALCE,84.56987523823963
269,2988.0975430436083,3.870588209318078,1.5005133152008057,-0.025218924987225257,68,CS2_36,CALCE,86.25315689431422
270,3035.8494324085186,3.867279564863757,1.5006749629974365,-0.02077042608365637,67,CS2_36,CALCE,86.63024266522024
271,3042.6431565844687,3.8679738912426056,1.5006749629974365,-0.01937989794876289,66,CS2_36,CALCE,86.82777734067086
272,2986.4199418881326,3.868852667559206,1.5008370876312256,-0.017138780879963483,65,CS2_36,CALCE,86.94498406333066
273,2989.223548036476,3.8686996776294085,1.5006752014160156,-0.01714294138818171,64,CS2_36,CALCE,87.0295346907803
274,2962.5832810766296,3.8707634835755784,1.5005130767822266,-0.014630783326096805,63,CS2_36,CALCE,87.26935958734249
275,2999.061157592514,3.869539976119995,1.5005130767822266,-0.015468105985020842,62,CS2_36,CALCE,87.31677764181649
276,3060.862295496685,3.869677681876316,1.5009992122650146,-0.01547936386093558,61,CS2_36,CALCE,87.36420379902476
277,3021.692848163948,3.8696122889394884,1.5006752014160156,-0.013674789986459011,60,CS2_36,CALCE,87.23885254783352
278,3053.2420060532168,3.8690957425083323,1.5006752014160156,-0.01531225550039641,59,CS2_36,CALCE,87.14224905347108
279,3051.6121695027687,3.869042447024914,1.5008370876312256,-0.01534247728008155,58,CS2_36,CALCE,87.09541437346405
280,3050.0796483587474,3.868970704777621,1.5006752014160156,-0.015470476094986,57,CS2_36,CALCE,87.05038802396659
281,3013.1379466046346,3.86885041212026,1.5009992122650146,-0.015063372440399157,56,CS2_36,CALCE,86.98985061050928
282,3048.524643032928,3.8691221137776823,1.5006752014160156,-0.015629289791512027,55,CS2_36,CALCE,87.00531397860999
283,2988.5185043585952,3.8690704173296204,1.5006752014160156,-0.01465330310534657,54,CS2_36,CALCE,87.01058161507557
285,2889.887324615287,3.8739455858333,1.5003511905670166,-0.02198503631024134,52,CS2_36,CALCE,85.14429903339018
286,2959.3549626856147,3.866713400628116,1.5001893043518066,-0.020401742991846217,51,CS2_36,CALCE,84.39753210335853
287,3008.857893522905,3.8695999029520394,1.5003514289855957,-0.03020777165324575,50,CS2_36,CALCE,85.84349699219482
289,2969.6421099344443,3.8703549072930685,1.5006749629974365,-0.01583156962126515,48,CS2_36,CALCE,86.46041584084576
290,2963.0953037574,3.8640625191685367,1.5003514289855957,-0.01092288046614058,47,CS2_36,CALCE,84.51175078147574
291,2889.9716757233255,3.8647859406797855,1.5001893043518066,-0.021922519289434342,46,CS2_36,CALCE,83.39466377398873
292,2923.967897460563,3.8670653199002505,1.5003511905670166,-0.02388778985652007,45,CS2_36,CALCE,83.36856862267089
293,2919.7017176291265,3.8655300617218016,1.5001893043518066,-0.026203487371245063,44,CS2_36,CALCE,83.24282302784968
294,2912.130602689809,3.8687514268815724,1.5003511905670166,-0.021950721976524108,43,CS2_36,CALCE,83.02108426900087
295,2896.7169126177614,3.8685182856853446,1.5003511905670166,-0.02822172133343465,42,CS2_36,CALCE,83.58818585592391
296,2936.2454539316386,3.8706680114577416,1.5003514289855957,-0.023270735128746656,41,CS2_36,CALCE,84.74276147364738
297,2980.769463897421,3.8676514905571135,1.5003514289855957,-0.02178968466136053,40,CS2_36,CALCE,85.02439504292897
298,2921.347089841438,3.863227709725096,1.5005133152008057,-0.014846941468095867,39,CS2_36,CALCE,83.28991756275863
299,2887.245328376128,3.8641322114401393,1.5001893043518066,-0.024580240753241216,38,CS2_36,CALCE,82.2941980773425
300,2840.5093284253962,3.8677577445381566,1.5001893043518066,-0.023376755402556196,37,CS2_36,CALCE,81.94738942285082
302,2976.1745124148506,3.8184326452367445,1.5001893043518066,-0.45745541467639506,35,CS2_36,CALCE,84.89544522104761
303,2934.1303558373475,3.865033695486938,1.5001893043518066,-0.019788818800499975,34,CS2_36,CALCE,83.66670639846461
304,2931.611196193371,3.8661257704508674,1.5001893043518066,-0.025171252983633055,33,CS2_36,CALCE,83.5921420234707
305,2942.565499147502,3.867453628572924,1.5005133152008057,-0.0270974174942741,32,CS2_36,CALCE,83.91145299299099
306,2947.739493011417,3.867900283755483,1.5003511905670166,-0.02679425349182369,31,CS2_36,CALCE,85.07917756044905
307,2954.196182317857,3.8672443836327366,1.5003514289855957,-0.02274874742823573,30,CS2_36,CALCE,85.26693107208837
308,2930.304313804416,3.863477752666281,1.5003514289855957,-0.012192999702391861,29,CS2_36,CALCE,83.55257858673532
309,2896.1505115953623,3.8630596937404738,1.5003514289855957,-0.025218234302075062,28,CS2_36,CALCE,82.55602801952308
310,2897.383463910068,3.8663795650628385,1.5001893043518066,-0.026618291815549772,27,CS2_36,CALCE,82.59098137635088
311,2879.837292475291,3.8657612281933167,1.5001893043518066,-0.024802137783620296,26,CS2_36,CALCE,82.07950871062229
312,2875.286951392467,3.866761096766297,1.5003511905670166,-0.026233456822782,25,CS2_36,CALCE,81.94698599860993
313,2886.4591710858367,3.8634281192027347,1.5001893043518066,-0.033080560022401034,24,CS2_36,CALCE,82.27173684758564
314,2895.50176782778,3.869021007346447,1.5003514289855957,-0.028356432910907087,23,CS2_36,CALCE,83.55318259797488
315,2941.2095650832634,3.869520849561038,1.5005130767822266,-0.021436562799040885,22,CS2_36,CALCE,83.87051635669984
316,2890.975952081644,3.863277151160044,1.5008370876312256,-0.016466072887403108,21,CS2_36,CALCE,82.40442466107885
317,2855.350050362671,3.86743864794852,1.5001893043518066,-0.019967996680477395,20,CS2_36,CALCE,81.3644419436051
318,2759.1312405817444,3.869327189229059,1.5001893043518066,-0.025119075701637638,19,CS2_36,CALCE,81.33070657374488
319,2838.917542504787,3.866449028887647,1.5001893043518066,-0.025002955037465562,18,CS2_36,CALCE,80.88508042804315
320,2831.478760583006,3.8649385537420002,1.5001893043518066,-0.029686869520342694,17,CS2_36,CALCE,80.66805167059769
321,2798.7600380587683,3.865539583138057,1.5001893043518066,-0.02924960388118052,16,CS2_36,CALCE,80.7298772542146
322,2887.191238350555,3.868548834114744,1.5001893043518066,-0.030249623643548898,15,CS2_36,CALCE,82.2944095002082
323,2899.167642842687,3.868505456381374,1.5003511905670166,-0.024369893547777285,14,CS2_36,CALCE,82.64363284837222
324,2852.7772592891124,3.8675511822052533,1.5003514289855957,-0.015075362218454243,13,CS2_36,CALCE,81.2893482647147
325,2828.2567621527123,3.8656411391560295,1.5001893043518066,-0.025857238029948024,12,CS2_36,CALCE,80.57447849785102
326,2841.3202833241958,3.869469687607789,1.5003511905670166,-0.027231697107767155,11,CS2_36,CALCE,80.95627856327279
327,2832.2224068050855,3.8669062362495046,1.5001893043518066,-0.024475893893859974,10,CS2_36,CALCE,80.6899468741657
328,2827.198201298015,3.8671353996222746,1.5001893043518066,-0.025201007032231097,9,CS2_36,CALCE,80.54409011878026
329,2817.828939887695,3.8686748955930983,1.5001893043518066,-0.023040175796216186,8,CS2_36,CALCE,80.27076088559078
330,2841.9250496178283,3.8731566258959553,1.5003514289855957,-0.028444370235180295,7,CS2_36,CALCE,81.98985065378807
331,2849.991999566322,3.871437390922254,1.5003514289855957,-0.02068582418130732,6,CS2_36,CALCE,82.225100657163
332,2863.9540611560224,3.869179789390829,1.5005133152008057,-0.01843022890044368,5,CS2_36,CALCE,81.61580670683078
333,2821.2203569198027,3.8698341846466064,1.5001893043518066,-0.016812855457957396,4,CS2_36,CALCE,80.36989041248455
334,2765.854957266187,3.8716262681143623,1.5001893043518066,-0.023187665095039327,3,CS2_36,CALCE,80.51096749147176
335,2785.5210228998912,3.8710940265994904,1.5001893043518066,-0.020765331835615252,2,CS2_36,CALCE,80.345870256094
336,2818.7752212829655,3.871383958864042,1.5001893043518066,-0.020640379588028127,1,CS2_36,CALCE,80.29876305213236
337,2807.4526007786044,3.86841921380588,1.5001893043518066,-0.022513248588230842,0,CS2_36,CALCE,79.96878036092158
1,3283.5264706937724,3.870157611370087,1.5008065700531006,-0.014881634423235321,470,CS2_37,CALCE,100.01621941725588
2,3280.3689117809445,3.863825795237969,1.5004820823669434,-0.013701617386590832,469,CS2_37,CALCE,99.92067611162345
3,3262.086138846964,3.859694841328789,1.5004820823669434,-0.015698375238571316,468,CS2_37,CALCE,99.36994393348928
4,3293.9517634985023,3.8668083782084506,1.5008065700531006,-0.016985090805165883,467,CS2_37,CALCE,100.32759955666536
5,3300.3443207548844,3.8634896063527395,1.5008063316345215,-0.013813033834679139,466,CS2_37,CALCE,100.51901817066516
6,3278.4799909288995,3.8618052830529765,1.5011308193206787,-0.009130783198701847,465,CS2_37,CALCE,99.86276222755673
7,3258.226914825078,3.859511760132151,1.5004823207855225,-0.0174260496516962,464,CS2_37,CALCE,99.2535399582123
8,3264.5868834251596,3.862955892332184,1.5003199577331543,-0.01730240293700182,463,CS2_37,CALCE,99.44530451248842
9,3255.0393096321204,3.8628644378932977,1.5006444454193115,-0.013793477838164604,462,CS2_37,CALCE,99.15720459875669
10,3257.7271169075975,3.861601679282781,1.5006444454193115,-0.01872348523672571,461,CS2_37,CALCE,99.23846308721347
11,3268.0425185370405,3.8645709661337047,1.5004823207855225,-0.0185176859934919,460,CS2_37,CALCE,99.5461899306933
12,3281.6856219270558,3.865367048996285,1.5011308193206787,-0.013768902170687608,459,CS2_37,CALCE,99.95705209054096
13,3286.6871441409457,3.862041334369092,1.5011308193206787,-0.015124219697805084,458,CS2_37,CALCE,100.1074199980002
14,3250.039781119791,3.860153228484072,1.5006444454193115,-0.0123293748864448,457,CS2_37,CALCE,99.00555131311883
15,3248.5864019066794,3.864493661535246,1.5003199577331543,-0.015582578698897221,456,CS2_37,CALCE,98.96258201534171
16,3255.5718175638467,3.8653107142236185,1.5003199577331543,-0.01523463430507689,455,CS2_37,CALCE,99.17286868606897
17,3249.306238208839,3.8627700190162093,1.5008065700531006,-0.015501613167006777,454,CS2_37,CALCE,98.97005171480777
18,3247.805670200236,3.8633734380456035,1.5006444454193115,-0.015473203371190507,453,CS2_37,CALCE,98.92404856447422
19,3278.123720247473,3.8673927475424374,1.5009686946868896,-0.015372626523500965,452,CS2_37,CALCE,99.83643506621326
20,3282.6255539269187,3.8614692660184367,1.5008063316345215,-0.015061533984758025,451,CS2_37,CALCE,99.97096284528666
21,3251.3222893776547,3.860858392156114,1.5009684562683105,-0.008747158872845781,450,CS2_37,CALCE,99.03119646425843
22,3240.7892221464135,3.8628576042390366,1.5003199577331543,-0.015530568765177881,449,CS2_37,CALCE,98.71373344150057
23,3237.4150307255914,3.8630197635390284,1.5004823207855225,-0.01563457669987335,448,CS2_37,CALCE,98.61328722909248
24,3242.7747489116737,3.86423392310029,1.5006444454193115,-0.017244129682824547,447,CS2_37,CALCE,98.77555195533962
26,3270.1536787043137,3.7194638550281525,1.512157678604126,-0.8796897669124197,445,CS2_37,CALCE,99.60437536609155
27,3245.8092783102584,3.8609352430179493,1.5004823207855225,-0.014585926523570315,444,CS2_37,CALCE,98.87026577930816
28,3276.483458417675,3.8682124099787876,1.5008065700531006,-0.018795641555902742,443,CS2_37,CALCE,99.79129390954105
29,3282.971384898199,3.8610985732217977,1.5008065700531006,-0.016977689001567618,442,CS2_37,CALCE,99.98557037195187
30,3273.2677917548644,3.862111448192876,1.5009686946868896,-0.013883872420248463,441,CS2_37,CALCE,99.69326764578688
31,3273.809308025375,3.8598655508250794,1.5004823207855225,-0.015493042156990142,440,CS2_37,CALCE,98.6625305984022
32,3238.9351877903828,3.862643409131178,1.5004823207855225,-0.017962627005137836,439,CS2_37,CALCE,98.66035394307627
33,3231.825844392777,3.860576939226976,1.5003201961517334,-0.01870419434237002,438,CS2_37,CALCE,98.44538387576432
35,3247.994714260927,3.873324058272622,1.5006444454193115,-0.027954920973967422,436,CS2_37,CALCE,98.94283960972434
36,3244.1797930484427,3.8625819101220085,1.5001578330993652,-0.017084429730727737,435,CS2_37,CALCE,98.82612297007014
38,3269.590622383861,3.866124459977686,1.5008065700531006,-0.01848401079063177,433,CS2_37,CALCE,99.5912776363527
39,3278.1562149611345,3.8648339639311313,1.5011308193206787,-0.01370373235870688,432,CS2_37,CALCE,99.84811782595891
40,3273.1410489342743,3.8630901277939245,1.5008065700531006,-0.013674062974423258,431,CS2_37,CALCE,99.69680661877383
41,3233.541330376087,3.85865535014461,1.5006444454193115,-0.014665810355380487,430,CS2_37,CALCE,98.5059706775556
42,3234.2290775536676,3.8628239645886775,1.5004823207855225,-0.018078584962441073,429,CS2_37,CALCE,98.5257746108883
43,3227.6195860220905,3.8637020459432088,1.5008065700531006,-0.01517259322412167,428,CS2_37,CALCE,98.32619990445883
44,3224.682339670413,3.8644910058575475,1.5001578330993652,-0.015359215742300548,427,CS2_37,CALCE,98.23699870719157
45,3261.165625499183,3.864085275489647,1.5006444454193115,-0.016948802135507198,426,CS2_37,CALCE,98.2859481098036
46,3249.4833048216533,3.865684692348753,1.5004820823669434,-0.016843533294117412,425,CS2_37,CALCE,98.98160769106242
47,3253.2497285183636,3.8653453172311276,1.5004820823669434,-0.013442817950048126,424,CS2_37,CALCE,99.09463285637129
49,3203.9001002201403,3.8608425315077954,1.5003201961517334,-0.016819672575835755,422,CS2_37,CALCE,97.60791311439769
50,3206.1349770408415,3.863311256988939,1.5001578330993652,-0.018497354144452093,421,CS2_37,CALCE,97.67439539365577
51,3208.0733303587767,3.863282440656639,1.5004823207855225,-0.01864102215250864,420,CS2_37,CALCE,97.73273067233873
52,3201.572514570609,3.861391695867102,1.5003201961517334,-0.01834988031159043,419,CS2_37,CALCE,97.53738124806372
53,3257.656769939611,3.86716176303852,1.5003199577331543,-0.02043407797719158,418,CS2_37,CALCE,98.17555135567025
54,3232.624246215215,3.8637657775765373,1.5008065700531006,-0.016172461794104448,417,CS2_37,CALCE,98.47084819970867
55,3235.703037059284,3.863046189149221,1.5008065700531006,-0.01664403934514017,416,CS2_37,CALCE,98.56311428939759
56,3236.844144364819,3.8635846804440552,1.5004820823669434,-0.01514992612491442,415,CS2_37,CALCE,98.5980072235239
57,3238.3914394752937,3.8635875697659454,1.5004820823669434,-0.014813775746967057,414,CS2_37,CALCE,98.64449524635778
58,3241.1107245604508,3.8639056357148847,1.5006442070007324,-0.014983727940073573,413,CS2_37,CALCE,98.72627738162296
59,3241.7207905676332,3.8644548626341058,1.5008065700531006,-0.0134946678416561,412,CS2_37,CALCE,98.74444780288226
60,3278.399163414433,3.8644908391512356,1.5009686946868896,-0.013436938169999213,411,CS2_37,CALCE,98.79981833954962
61,3243.9713730767253,3.8643569840482,1.5009686946868896,-0.012889040928863033,410,CS2_37,CALCE,98.81253155883377
62,3244.4873665813357,3.864220733473287,1.5009686946868896,-0.01344495614681988,409,CS2_37,CALCE,98.82807471291112
63,3243.114399640297,3.863822519426515,1.5006442070007324,-0.013226867116128024,408,CS2_37,CALCE,98.78669001576262
64,3302.6982671846636,3.864015867724221,1.5009686946868896,-0.013324686041936698,407,CS2_37,CALCE,98.7685070769723
65,3246.3323370654834,3.8646131916159003,1.5009686946868896,-0.012992739464230725,406,CS2_37,CALCE,98.8835224431933
66,3243.803281796514,3.8637179376105584,1.5008063316345215,-0.012813672727833573,405,CS2_37,CALCE,98.80694390800468
67,3245.377756827802,3.8641099026922645,1.5008065700531006,-0.013345533978130625,404,CS2_37,CALCE,98.85400196751414
68,3246.3647051165462,3.8650276358500344,1.5008063316345215,-0.01177669445926373,403,CS2_37,CALCE,98.88315160979018
69,3247.6464399994,3.864810940790317,1.5009684562683105,-0.01164505519158314,402,CS2_37,CALCE,98.92191142248313
71,3199.434559393383,3.856807302860987,1.5006444454193115,-0.012078297994213201,400,CS2_37,CALCE,97.47243223431802
72,3191.3092065690435,3.8648537775541,1.5004820823669434,-0.015120887802843444,399,CS2_37,CALCE,97.22746937521673
73,3199.294063714973,3.8629454115787185,1.5008065700531006,-0.017698480415926594,398,CS2_37,CALCE,97.46728745197466
74,3187.3093878049403,3.8636378125481734,1.5004823207855225,-0.01539052909822555,397,CS2_37,CALCE,97.1053782674681
75,3178.730707549141,3.8620280857144156,1.5004823207855225,-0.018559129919296296,396,CS2_37,CALCE,96.84714449527029
76,3213.2197900147294,3.8684593963335794,1.5006444454193115,-0.018073969953679422,395,CS2_37,CALCE,97.88385373274704
77,3220.8927073657396,3.866275343254431,1.5006442070007324,-0.01363026202420023,394,CS2_37,CALCE,98.11445594711256
78,3200.78231493989,3.860613237210174,1.5006442070007324,-0.013346580834711777,393,CS2_37,CALCE,97.51088967161041
79,3173.3088456761907,3.8612896926475293,1.5003199577331543,-0.01685834193997311,392,CS2_37,CALCE,96.68342748440271
80,3210.7306393365143,3.8639971970787164,1.5006444454193115,-0.018923765434784457,391,CS2_37,CALCE,96.76021000201129
81,3178.3564978535287,3.863364813900284,1.5003201961517334,-0.018538259111676014,390,CS2_37,CALCE,96.83481929932258
82,3172.9187263837084,3.862028579219134,1.5003199577331543,-0.018716734529353997,389,CS2_37,CALCE,96.6713583247658
83,3215.697051310097,3.86464177907967,1.5003201961517334,-0.020644850496887003,388,CS2_37,CALCE,96.90973327780529
85,3215.6364092534477,3.87280563657934,1.5003201961517334,-0.0220211975802103,386,CS2_37,CALCE,97.9627600993584
86,3209.386038506349,3.8620852741850427,1.5001578330993652,-0.01932942924960741,385,CS2_37,CALCE,97.77369950177741
87,3224.3725688111117,3.866131968368576,1.5003199577331543,-0.02001596946308665,384,CS2_37,CALCE,98.22460421181846
88,3235.3715662821123,3.8628844709538703,1.5008065700531006,-0.018737631986862912,383,CS2_37,CALCE,98.55463922033668
89,3237.843869778131,3.863206412820589,1.5009686946868896,-0.016576287322095595,382,CS2_37,CALCE,98.62879014429312
90,3199.5894397328666,3.8608089943966233,1.5001578330993652,-0.013097861497691014,381,CS2_37,CALCE,97.47823891476611
91,3195.698652809704,3.8647163327341745,1.5001578330993652,-0.019041289724720963,380,CS2_37,CALCE,97.36099550417532
92,3192.745659987966,3.8633465832127625,1.5001578330993652,-0.019141235471615357,379,CS2_37,CALCE,97.27212083955054
93,3189.199014731683,3.863801015546619,1.5004823207855225,-0.018481697062367297,378,CS2_37,CALCE,97.16437269105924
94,3179.4646619193227,3.8613273683117657,1.5003201961517334,-0.02049888144836409,377,CS2_37,CALCE,96.87056105814277
95,3207.7641220615187,3.8653496359333848,1.5003199577331543,-0.022027214346312437,376,CS2_37,CALCE,97.72131375103943
97,3214.015093245078,3.8641152032121213,1.5008065700531006,-0.01488319016723966,374,CS2_37,CALCE,97.90804637517203
98,3250.0781141460466,3.8635447297368324,1.5006444454193115,-0.016941748683231773,373,CS2_37,CALCE,97.94442137649968
99,3251.045612799702,3.864553138167558,1.5006444454193115,-0.015272663313334997,372,CS2_37,CALCE,97.97359577186782
100,3278.330509729509,3.8646686962264742,1.5004820823669434,-0.014683042031790905,371,CS2_37,CALCE,98.03134495416914
101,3218.5326048740826,3.8643375799327555,1.5011308193206787,-0.015138510989323593,370,CS2_37,CALCE,98.04350671191376
102,3218.5484321505355,3.864018598716416,1.5009686946868896,-0.01504114432738603,369,CS2_37,CALCE,98.0446091429181
103,3218.5956382827135,3.864222507990763,1.5008065700531006,-0.015076844609679911,368,CS2_37,CALCE,98.04583315642964
104,3217.7521120658494,3.86395790048702,1.5006442070007324,-0.015113089868692893,367,CS2_37,CALCE,98.02089971645592
105,3216.9708915138326,3.8638957546142763,1.5008065700531006,-0.015165558048596461,366,CS2_37,CALCE,97.9971903412169
106,3216.408730746247,3.86396664273953,1.5008065700531006,-0.015436025845963219,365,CS2_37,CALCE,97.97879152856916
107,3215.924428019818,3.8639530528805213,1.5008065700531006,-0.015242371648552822,364,CS2_37,CALCE,97.964290102514
108,3215.737404815445,3.863836519732447,1.5011308193206787,-0.015051961635256152,363,CS2_37,CALCE,97.95872072466138
109,3215.8939729213016,3.86482363103041,1.5008063316345215,-0.013211748067901206,362,CS2_37,CALCE,97.96336191768619
110,3216.3160549395834,3.8648807497166877,1.5012929439544678,-0.013539114812694824,361,CS2_37,CALCE,97.9756167191287
111,3215.2691091836896,3.864582078136615,1.5012929439544678,-0.013033772088976494,360,CS2_37,CALCE,97.9438306025278
112,3261.8647109343437,3.862229525865014,1.5009686946868896,-0.012990086961454197,359,CS2_37,CALCE,97.53256188061866
113,3161.5748262994457,3.861581466546873,1.5003199577331543,-0.01470193571855439,358,CS2_37,CALCE,96.32768745060672
114,3159.2469007776817,3.8641480982669294,1.5003201961517334,-0.019085909537056838,357,CS2_37,CALCE,96.25739461199011
115,3191.0320047292043,3.8638755039203385,1.5001578330993652,-0.01917181489096406,356,CS2_37,CALCE,96.1672249646848
116,3149.7931588590145,3.8620468213008,1.5003201961517334,-0.02042701073169995,355,CS2_37,CALCE,95.97433161124707
117,3154.8875501495204,3.863570737985917,1.5003201961517334,-0.0216643063288274,354,CS2_37,CALCE,96.12750032555682
119,3184.2039425599505,3.8649880151374103,1.5006442070007324,-0.015491512811213755,352,CS2_37,CALCE,97.00981995635468
120,3160.8884951408836,3.8628572492888478,1.5009686946868896,-0.011351116167409627,351,CS2_37,CALCE,96.31011508658827
121,3139.652964785346,3.8635777367485895,1.5003201961517334,-0.017488208819912993,350,CS2_37,CALCE,95.67011532583037
122,3141.2936457771575,3.8620862556092534,1.5001578330993652,-0.021373783430820446,349,CS2_37,CALCE,95.71859760120593
123,3134.168399280519,3.8642069031210506,1.5003201961517334,-0.018713522290136238,348,CS2_37,CALCE,95.50395928387692
124,3137.2314368074876,3.865599593141869,1.5003201961517334,-0.019251064404603037,347,CS2_37,CALCE,95.5953445433931
125,3152.983236383763,3.8644529075445404,1.5003201961517334,-0.02330249364144708,346,CS2_37,CALCE,96.06860582065322
126,3163.0774962051073,3.865950356929674,1.5008065700531006,-0.017224808553922978,345,CS2_37,CALCE,96.37321916733512
127,3229.8884876940865,3.863414099875917,1.5009686946868896,-0.018075869101634685,344,CS2_37,CALCE,96.57046333805229
128,3131.1375050896313,3.8604192286271317,1.5003199577331543,-0.015358175525011925,343,CS2_37,CALCE,95.41181825414678
129,3125.8715272775153,3.8641505463523154,1.5003201961517334,-0.020598999903210503,342,CS2_37,CALCE,95.25251892628516
130,3121.4809288703837,3.862911162909514,1.5004823207855225,-0.019843208326622612,341,CS2_37,CALCE,95.11969828427479
131,3118.6684367445996,3.862771265974669,1.5004823207855225,-0.022002052624181864,340,CS2_37,CALCE,95.03455081794647
132,3117.8404853600077,3.862027657737613,1.5003201961517334,-0.022702229343430136,339,CS2_37,CALCE,95.00934012494844
133,3147.9838951419806,3.8670967478811007,1.5004820823669434,-0.021944238359459252,338,CS2_37,CALCE,95.91656716751886
135,3146.261969177798,3.8698298436569356,1.5001578330993652,-0.024171737398614893,336,CS2_37,CALCE,95.86917579405191
136,3142.559073447286,3.8618360029326544,1.5003201961517334,-0.021699997308638155,335,CS2_37,CALCE,95.75718438376815
137,3130.433641038824,3.8624110851228606,1.5003201961517334,-0.019729867167206865,334,CS2_37,CALCE,95.39054882902863
138,3160.5302212522,3.8677994505858715,1.5003199577331543,-0.022108181041628008,333,CS2_37,CALCE,96.29604360757646
139,3166.4059359411185,3.866220634647101,1.5004820823669434,-0.01649714214015262,332,CS2_37,CALCE,96.47264829199726
140,3142.184537067369,3.859717797795567,1.5006444454193115,-0.017145801908037533,331,CS2_37,CALCE,95.74491548080545
141,3120.9337517667154,3.8616803462460916,1.5004823207855225,-0.020646695356370637,330,CS2_37,CALCE,95.10468373402766
142,3123.3714351287053,3.863522975986992,1.5004823207855225,-0.022562084045345283,329,CS2_37,CALCE,95.17857486075792
143,3120.1212247092626,3.8626677076393197,1.5001578330993652,-0.02283281062924045,328,CS2_37,CALCE,95.07909252205476
144,3114.199214357315,3.861839214960734,1.5001578330993652,-0.022373529917029577,327,CS2_37,CALCE,94.9004545702513
145,3164.324409220717,3.8658271290361883,1.5003201961517334,-0.024065423100910265,326,CS2_37,CALCE,95.36024435135177
146,3143.873924225016,3.8630542033984336,1.5008065700531006,-0.022407069314705253,325,CS2_37,CALCE,95.79328186216345
147,3206.1092136720545,3.862775311103234,1.5004823207855225,-0.019910009786701547,324,CS2_37,CALCE,95.85405588263902
148,3147.7340490136703,3.863779491442113,1.5008065700531006,-0.018687432067271643,323,CS2_37,CALCE,95.90844282275526
149,3148.8593702203943,3.863745173793629,1.5006444454193115,-0.018922970126714397,322,CS2_37,CALCE,95.94205146129913
150,3150.8441986736143,3.863829740717367,1.5006442070007324,-0.019142992657743555,321,CS2_37,CALCE,96.00220643076932
151,3154.422843753273,3.864758198414374,1.5008065700531006,-0.01700656011804585,320,CS2_37,CALCE,96.1093529915694
152,3157.0949797984795,3.8647934034330036,1.5006442070007324,-0.01714027201755411,319,CS2_37,CALCE,96.18996326377449
153,3158.5797903933562,3.864631735950435,1.5009686946868896,-0.017248010834599262,318,CS2_37,CALCE,96.23470731079499
154,3158.970588943572,3.8653319565261284,1.5006442070007324,-0.015133787850528478,317,CS2_37,CALCE,96.24645477156317
155,3159.814592414972,3.865379901920877,1.5006442070007324,-0.015365134308500806,316,CS2_37,CALCE,96.27147648629187
156,3160.6118485524785,3.8655430543713454,1.5011308193206787,-0.014969639998304135,315,CS2_37,CALCE,96.2955917354011
157,3160.6588174234203,3.865304755728419,1.5009686946868896,-0.015443904390672177,314,CS2_37,CALCE,96.29662563446641
158,3161.2058812598116,3.86520785892882,1.5011308193206787,-0.015237895870175235,313,CS2_37,CALCE,96.31254430523232
159,3162.0814152148087,3.865314642830593,1.5008065700531006,-0.015609704622453669,312,CS2_37,CALCE,96.3389960768911
160,3163.2844796315767,3.8652493895553963,1.5008063316345215,-0.01513984583093921,311,CS2_37,CALCE,96.37529205573246
161,3162.191075015813,3.8648400270357364,1.5008063316345215,-0.014887564050185596,310,CS2_37,CALCE,96.34255022810105
162,3162.269278157095,3.8649324709322395,1.5008063316345215,-0.015366237109424773,309,CS2_37,CALCE,96.34474885562793
163,3115.9037470121402,3.856767840752235,1.5006444454193115,-0.014884535676011673,308,CS2_37,CALCE,94.95111937075323
164,3105.512834415771,3.8643114134669303,1.5003199577331543,-0.019236383861789365,307,CS2_37,CALCE,94.63772479009573
165,3100.9190864323755,3.863448104888294,1.5003201961517334,-0.020969623677158104,306,CS2_37,CALCE,94.49874477109647
166,3097.6536757943104,3.863483187546924,1.5004823207855225,-0.021116880536134877,305,CS2_37,CALCE,94.39989793547478
167,3089.7470843305928,3.862349569984364,1.5004823207855225,-0.021355890793737526,304,CS2_37,CALCE,94.16217876146511
168,3121.4382545478875,3.8668687537919766,1.5006444454193115,-0.026245373014366507,303,CS2_37,CALCE,95.11517537174774
169,3131.001281333156,3.865325465659977,1.5009686946868896,-0.01912688635197402,302,CS2_37,CALCE,95.40271570349844
170,3128.6895960671245,3.865058210896857,1.5008065700531006,-0.016824623999936093,301,CS2_37,CALCE,95.33220385392674
171,3088.5131065532914,3.859985752403736,1.5003199577331543,-0.01921549359394703,300,CS2_37,CALCE,94.1239960421128
172,3093.3563130190596,3.86430092127818,1.5001578330993652,-0.022365487921242044,299,CS2_37,CALCE,94.26893427512184
173,3091.4974122061976,3.8633291541969514,1.5003199577331543,-0.021026259299139944,298,CS2_37,CALCE,94.21254445176508
174,3086.9667411349365,3.862198954108376,1.5004823207855225,-0.02288648371369455,297,CS2_37,CALCE,94.07567655984998
175,3077.4507559517515,3.8636760560772085,1.5003201961517334,-0.02144505400829536,296,CS2_37,CALCE,93.78912122357264
176,3115.31390267855,3.865470361709595,1.5008065700531006,-0.02452274692077481,295,CS2_37,CALCE,94.92817397684175
177,3122.8461658860324,3.864968001657964,1.5009686946868896,-0.01833707436374259,294,CS2_37,CALCE,95.15507995535154
178,3095.639301132702,3.862120885967101,1.5006442070007324,-0.014126230151271419,293,CS2_37,CALCE,94.33719883476805
179,3078.763613256102,3.8639027666218273,1.5003199577331543,-0.01944997439591349,292,CS2_37,CALCE,93.82812931714248
180,3079.3260999761987,3.865571962922153,1.5004823207855225,-0.019225987361535454,291,CS2_37,CALCE,93.84506715437335
181,3085.169906881056,3.8633488626600063,1.5003201961517334,-0.023154645156607312,290,CS2_37,CALCE,94.01460765222387
182,3116.442992659402,3.862402911456126,1.5003199577331543,-0.022953524402161158,289,CS2_37,CALCE,93.91002595873283
183,3096.9230737742037,3.865310040934229,1.5003199577331543,-0.02509755691717605,288,CS2_37,CALCE,94.36758083727952
185,3102.3099712703224,3.871636909641302,1.5001578330993652,-0.023833418794546264,286,CS2_37,CALCE,94.53580952814711
186,3098.2941165446973,3.8625824219025904,1.5003201961517334,-0.02200754990496632,285,CS2_37,CALCE,94.41489775934885
187,3097.2473454741157,3.863040979206562,1.5006444454193115,-0.01926631098285725,284,CS2_37,CALCE,94.38318204357381
188,3143.8588973661826,3.8609521471739567,1.5003201961517334,-0.023836839607364442,283,CS2_37,CALCE,93.97347470184107
189,3077.7000946705666,3.863791782136947,1.5004823207855225,-0.02330252649484291,282,CS2_37,CALCE,93.79552064527607
190,3078.543917877636,3.865105040111239,1.5004823207855225,-0.02317806300818033,281,CS2_37,CALCE,93.82091193625185
191,3079.544050245211,3.864648921906002,1.5004823207855225,-0.023338659117293974,280,CS2_37,CALCE,93.84922798982541
192,3076.5128638009483,3.8638206141335623,1.5001578330993652,-0.022993947469466737,279,CS2_37,CALCE,93.75805684374834
193,3068.9502573286736,3.8628177779061454,1.5001578330993652,-0.02366731217101453,278,CS2_37,CALCE,93.5298659758458
194,3090.514265261474,3.864922285079956,1.5003201961517334,-0.028265569099624244,277,CS2_37,CALCE,94.17772090509125
195,3100.6873605150613,3.8652781401308354,1.5004823207855225,-0.020791781356785926,276,CS2_37,CALCE,94.48419917586124
196,3104.531542163546,3.865629476308823,1.5004820823669434,-0.019073778771416982,275,CS2_37,CALCE,94.60025079301263
197,3106.766509088804,3.8657080247998237,1.5008065700531006,-0.01951078003803559,274,CS2_37,CALCE,94.66717629112523
198,3107.610456936556,3.8653598859906197,1.5009686946868896,-0.019247110629657983,273,CS2_37,CALCE,94.6926512348947
199,3168.293719868205,3.866180200814458,1.5006442070007324,-0.017668725832762935,272,CS2_37,CALCE,94.70717381214484
200,3109.5955317888584,3.862757058617491,1.5006444454193115,-0.020895258365170047,271,CS2_37,CALCE,94.75216022078772
202,3141.026558705887,3.7684278814759975,1.5004820823669434,-0.692043347356758,269,CS2_37,CALCE,93.88724346301872
203,3079.510846528832,3.864409550930719,1.5004820823669434,-0.017331085045552527,268,CS2_37,CALCE,93.84693647775245
204,3103.075911772081,3.867433029413223,1.5008065700531006,-0.019538443335477496,267,CS2_37,CALCE,94.55569968177444
205,3110.0758164059516,3.863225394358207,1.5008065700531006,-0.019516760049439714,266,CS2_37,CALCE,94.76648391544754
206,3101.012740083126,3.86462946782201,1.5004820823669434,-0.0163341184285533,265,CS2_37,CALCE,94.49408647471707
207,3081.072369164569,3.861084392666817,1.5006444454193115,-0.019275906680559275,264,CS2_37,CALCE,93.89403248362706
208,3087.1666497314436,3.8639401776663562,1.5003199577331543,-0.02138986942529106,263,CS2_37,CALCE,94.07728166488182
209,3094.3545578308986,3.8648389421403406,1.5004823207855225,-0.01976710955859744,262,CS2_37,CALCE,94.29337987804853
210,3100.6524333220295,3.8657533320311073,1.5006444454193115,-0.018041889914717654,261,CS2_37,CALCE,94.48244143722418
211,3101.9335517757863,3.8648243106414224,1.5006444454193115,-0.01788204160846793,260,CS2_37,CALCE,94.52120871178158
212,3118.7181321957614,3.864910268193059,1.5006442070007324,-0.01954304856888304,259,CS2_37,CALCE,95.02620724159127
213,3121.0627928494796,3.864246897491408,1.5011308193206787,-0.017626497881590493,258,CS2_37,CALCE,95.09627568599718
214,3099.9016849034815,3.8626239454783153,1.5011308193206787,-0.013965135375354957,257,CS2_37,CALCE,94.459849074287
215,3088.291841458122,3.8625164896249773,1.5008065700531006,-0.019520378368906677,256,CS2_37,CALCE,94.10983248754158
216,3092.7300131173397,3.8639218792272585,1.5008065700531006,-0.02135192401791838,255,CS2_37,CALCE,94.2431390243544
217,3127.3584671223944,3.8634468875825405,1.5009686946868896,-0.019375275465426965,254,CS2_37,CALCE,94.23551927838847
218,3088.9962332533905,3.8630242578685285,1.5006442070007324,-0.019335190286074066,253,CS2_37,CALCE,94.13031389099602
219,3163.454947688442,3.866125036556519,1.5006442070007324,-0.021273198829661635,252,CS2_37,CALCE,94.55977174126475
220,3109.8444433631958,3.863233922804841,1.5011308193206787,-0.01904018700804746,251,CS2_37,CALCE,94.75763534429959
221,3111.595077991602,3.8630095155615556,1.5008063316345215,-0.019118496783412185,250,CS2_37,CALCE,94.80975328342815
222,3079.6365156733664,3.8620587927420686,1.5009686946868896,-0.01580488249377806,249,CS2_37,CALCE,93.84856813019945
223,3077.9644106769993,3.8662769554546044,1.5009686946868896,-0.017937306793547183,248,CS2_37,CALCE,93.79781968310522
224,3078.027669440635,3.8659985215408996,1.5008065700531006,-0.017706633257714786,247,CS2_37,CALCE,93.79908406717148
225,3076.6991365531576,3.8651473777903367,1.5006444454193115,-0.01883728317887014,246,CS2_37,CALCE,93.7596909984771
226,3069.4644757317146,3.8634065649110814,1.5006442070007324,-0.01937816087090431,245,CS2_37,CALCE,93.54205510555352
227,3092.6875192812295,3.8664044366692596,1.5008065700531006,-0.02316942110653299,244,CS2_37,CALCE,94.24007188162972
228,3098.156958177162,3.8657624231320677,1.5006442070007324,-0.017617505583752562,243,CS2_37,CALCE,94.40412417936237
229,3089.547153515101,3.8639442764710044,1.5011308193206787,-0.017349030287947934,242,CS2_37,CALCE,94.14529623793584
230,3066.0270460935426,3.863352946515353,1.5006444454193115,-0.017281656179858267,241,CS2_37,CALCE,93.43773078600935
231,3104.3059552966733,3.865640510896027,1.5008065700531006,-0.019704169974947342,240,CS2_37,CALCE,93.54011710463344
232,3067.574499555456,3.864503835654033,1.5009686946868896,-0.019819869321245076,239,CS2_37,CALCE,93.4838742567859
233,3171.102491374302,3.8665029829608906,1.5006444454193115,-0.019801061274704143,238,CS2_37,CALCE,93.7395116270541
234,3069.3404414430843,3.8639795013030622,1.5004820823669434,-0.019673961591510226,237,CS2_37,CALCE,93.53700674123613
235,3091.454028578766,3.8656731197452845,1.5011308193206787,-0.021435747300435244,236,CS2_37,CALCE,94.20236833516145
236,3094.4861998846754,3.865437578932147,1.5009686946868896,-0.01785727741118416,235,CS2_37,CALCE,94.29342198214327
237,3095.3458748105913,3.865004645701138,1.5008063316345215,-0.017749211844492043,234,CS2_37,CALCE,94.31879289445321
238,3096.783799211087,3.8650723424656,1.5009686946868896,-0.017672664720878424,233,CS2_37,CALCE,94.36187777315469
239,3097.3309683596017,3.865123873559114,1.5008063316345215,-0.017757655741905104,232,CS2_37,CALCE,94.37900571354112
240,3099.284726354934,3.866360363752946,1.5008063316345215,-0.015651828370068614,231,CS2_37,CALCE,94.4375325354061
241,3102.1760188709595,3.866081364406562,1.5009684562683105,-0.01564060587664453,230,CS2_37,CALCE,94.52444862791218
242,3103.941967159626,3.8661422988642817,1.5011305809020996,-0.015803325249558974,229,CS2_37,CALCE,94.57777043234793
243,3103.7860344626242,3.8658713598429046,1.5011308193206787,-0.015888612237267244,228,CS2_37,CALCE,94.5732594051332
244,3103.770612792752,3.8667894332401525,1.5009684562683105,-0.013933251503041885,227,CS2_37,CALCE,94.57254073419072
245,3103.4269764184137,3.8668381363245725,1.5012929439544678,-0.014031699116863656,226,CS2_37,CALCE,94.56231402791148
246,3102.5520222932682,3.866731693870143,1.5011308193206787,-0.013905283813321553,225,CS2_37,CALCE,94.53649012291531
247,3101.817700723768,3.866608198213134,1.5009684562683105,-0.014381297887807521,224,CS2_37,CALCE,94.51430264346553
248,3102.9586711164447,3.8668572142397286,1.5012929439544678,-0.013958979837723285,223,CS2_37,CALCE,94.54817643337297
249,3102.7558034224203,3.8668014855576742,1.5009684562683105,-0.013873401846183067,222,CS2_37,CALCE,94.54263983171676
250,3101.709122966975,3.866547955078975,1.5011308193206787,-0.014250406942073683,221,CS2_37,CALCE,94.51125728503172
252,3083.310036045359,3.8698817356577457,1.5008063316345215,-0.022520593731406396,219,CS2_37,CALCE,93.96209011419161
253,3078.200514483462,3.8661077590571677,1.5008065700531006,-0.015602121833233064,218,CS2_37,CALCE,93.80767253594789
254,3092.219409492154,3.865530897986214,1.5009686946868896,-0.023388163872654754,217,CS2_37,CALCE,94.22883031371694
255,3100.393698685577,3.86629183715749,1.5009684562683105,-0.017867408889038285,216,CS2_37,CALCE,94.47501087365222
256,3100.3315915515996,3.8664313702849866,1.5009684562683105,-0.01550482005323428,215,CS2_37,CALCE,94.47231488688408
257,3065.7472376084916,3.8617024488957323,1.5008065700531006,-0.01611242299099514,214,CS2_37,CALCE,93.43125434778285
258,3061.528445118398,3.8650302292796717,1.5006442070007324,-0.0190538635204931,213,CS2_37,CALCE,93.30394639190614
259,3068.9044347532763,3.8657873240931178,1.5011308193206787,-0.019693339621789215,212,CS2_37,CALCE,93.52628142070166
260,3065.967393005223,3.8653575249438017,1.5011308193206787,-0.018000370181098277,211,CS2_37,CALCE,93.4372707739929
261,3090.9802991301403,3.8628975660642992,1.5008063316345215,-0.019740075843220677,210,CS2_37,CALCE,93.14050377816122
262,3080.43760743663,3.865902655529526,1.5008063316345215,-0.022905230308361585,209,CS2_37,CALCE,93.87242665782513
263,3083.878966197546,3.8638269521296023,1.5009684562683105,-0.019247111356526146,208,CS2_37,CALCE,93.97520228655465
264,3081.1137798771088,3.8642514309036398,1.5011308193206787,-0.017895550625920992,207,CS2_37,CALCE,93.8909990395317
265,3048.748137133458,3.865190852703732,1.5008065700531006,-0.01442932996646228,206,CS2_37,CALCE,92.91785643184885
266,3049.217599689262,3.867069505509876,1.5006442070007324,-0.017813520637961724,205,CS2_37,CALCE,92.93131493337874
268,3052.5460327752808,3.8641188691996926,1.5006442070007324,-0.01813786419338412,203,CS2_37,CALCE,93.03008895700705
269,3043.8890702399367,3.8650916470421683,1.5006442070007324,-0.01751756246778227,202,CS2_37,CALCE,92.77504320540775
270,3066.987704635045,3.867733163924157,1.5011308193206787,-0.021095140187270184,201,CS2_37,CALCE,93.46997553616565
271,3071.535930977785,3.867160022819304,1.5012929439544678,-0.01531553433932142,200,CS2_37,CALCE,93.60663216400224
272,3068.192855086003,3.8664935816044346,1.5009684562683105,-0.016242121029893364,199,CS2_37,CALCE,93.50591644594522
273,3034.9352380672935,3.8635888084580627,1.5008065700531006,-0.016047177453896715,198,CS2_37,CALCE,92.50558197498133
275,3029.9984506213514,3.8641078661358548,1.5009686946868896,-0.018241974328910667,196,CS2_37,CALCE,92.3494003502319
276,3033.545594884141,3.865819065434158,1.5011308193206787,-0.019476040243838505,195,CS2_37,CALCE,92.45586918695355
277,3025.950939510949,3.8641303063957553,1.5009686946868896,-0.01973323911728017,194,CS2_37,CALCE,92.22799657750275
278,3050.8150674194912,3.86684092642769,1.5009686946868896,-0.0228580137079079,193,CS2_37,CALCE,92.97641282700431
279,3057.1289496407844,3.8649120466190183,1.5011308193206787,-0.019611838250200644,192,CS2_37,CALCE,93.16641071160485
280,3054.613645830599,3.865293268887502,1.5012929439544678,-0.017624253615423593,191,CS2_37,CALCE,93.09080582743316
281,3016.997335964057,3.8644435466668856,1.5008065700531006,-0.016012426118363444,190,CS2_37,CALCE,91.95941639178817
282,3112.7529785562656,3.866873923605278,1.5008065700531006,-0.01999292500396454,189,CS2_37,CALCE,91.98017110656502
283,3020.2166199671337,3.867804528811039,1.5008065700531006,-0.01835561424228124,188,CS2_37,CALCE,92.05493956020925
284,3055.3308123380993,3.8673975597589445,1.5008065700531006,-0.018004692627679713,187,CS2_37,CALCE,92.06367163427016
285,3011.903867869056,3.8659900839512167,1.5006442070007324,-0.017881927758795567,186,CS2_37,CALCE,91.80512656543976
286,3039.096561270242,3.8692760923106198,1.5011308193206787,-0.019535305194266047,185,CS2_37,CALCE,92.62279771510198
287,3044.3321762055275,3.8672574028136237,1.5012929439544678,-0.01776648906303481,184,CS2_37,CALCE,92.78141526392837
288,3045.0514986451017,3.8676510543762883,1.5009684562683105,-0.015883654481628203,183,CS2_37,CALCE,92.80292579751962
289,3045.9424306384753,3.8674196133130714,1.5009684562683105,-0.015743576115825438,182,CS2_37,CALCE,92.8293037744053
290,3047.192300360475,3.867760358731958,1.5009684562683105,-0.015941974398226158,181,CS2_37,CALCE,92.86747695302722
291,3048.5529554097448,3.86779525611974,1.5011305809020996,-0.016137510692093616,180,CS2_37,CALCE,92.90856955421044
292,3049.912994997867,3.867531999002529,1.5011308193206787,-0.01539252376216287,179,CS2_37,CALCE,92.94846320783321
293,3049.3352911602706,3.8682192214279896,1.5014550685882568,-0.013873634723305984,178,CS2_37,CALCE,92.93117487416207
294,3049.72431007633,3.8685767951447882,1.5011305809020996,-0.013459853620095066,177,CS2_37,CALCE,92.94312311164656
295,3047.601061847119,3.8681163983390157,1.5011305809020996,-0.013779594552665008,176,CS2_37,CALCE,92.87922810873721
296,3046.694561788463,3.8680488724813853,1.501617193222046,-0.01420477357081928,175,CS2_37,CALCE,92.85185658607502
297,3046.1166052951594,3.8673313456245615,1.5012929439544678,-0.015681828325024887,174,CS2_37,CALCE,92.83466998085657
298,3045.14796068921,3.8672261494624465,1.5014550685882568,-0.01579846365965278,173,CS2_37,CALCE,92.80535740038923
299,3044.382902827114,3.8670593673669837,1.5012929439544678,-0.015670965401355555,172,CS2_37,CALCE,92.78199836171855
300,3044.554669167148,3.867218450654911,1.5012929439544678,-0.016020304310471526,171,CS2_37,CALCE,92.78699675353994
302,3028.483996295371,3.872602916754092,1.5008065700531006,-0.021564788411939723,169,CS2_37,CALCE,92.30681100245162
303,3018.9990496543323,3.8668692439508896,1.5009684562683105,-0.01583117600411367,168,CS2_37,CALCE,92.02036110177029
304,3039.09704933353,3.8676013083030014,1.5008063316345215,-0.02329399515031419,167,CS2_37,CALCE,92.62464634420151
305,3047.396166366423,3.8680980288529696,1.5009684562683105,-0.015872223490239062,166,CS2_37,CALCE,92.87408138131539
306,3048.5538040130923,3.867790638645993,1.5014550685882568,-0.01645483197924339,165,CS2_37,CALCE,92.90857689243656
307,3006.4680799862035,3.8619385892971634,1.5009686946868896,-0.016186749523568054,164,CS2_37,CALCE,91.64186132604816
308,3001.5458995365334,3.8646091714982065,1.5006442070007324,-0.021555123339602425,163,CS2_37,CALCE,91.49294463871315
309,2998.905532118253,3.8650051596846993,1.5009686946868896,-0.020256090366844556,162,CS2_37,CALCE,91.41227049804483
310,2998.3590214385185,3.8647305280931534,1.5008065700531006,-0.021699078523764206,161,CS2_37,CALCE,91.39485862881386
311,2993.1239969369635,3.8634525852818644,1.5009686946868896,-0.022016128043704217,160,CS2_37,CALCE,91.23666016223679
312,3053.661096620737,3.869864776057582,1.5008063316345215,-0.021754444655661863,159,CS2_37,CALCE,92.01015476533256
313,3026.522275443349,3.8656811668614672,1.5014550685882568,-0.01981667232118357,158,CS2_37,CALCE,92.24194200489124
314,3028.3514999892213,3.866004382239448,1.5011308193206787,-0.01779803560662364,157,CS2_37,CALCE,92.29689456418978
316,2987.5306507794594,3.867215791825325,1.5009686946868896,-0.01635933023156418,155,CS2_37,CALCE,91.06765868937133
317,2986.0624934929656,3.8673562370843486,1.5008063316345215,-0.018521160864223,154,CS2_37,CALCE,91.02272423064828
318,2983.625245787727,3.8674249857374767,1.5006442070007324,-0.018077956781568892,153,CS2_37,CALCE,90.94863058522299
319,2977.6399719433975,3.86559957033628,1.5006442070007324,-0.020176713896897173,152,CS2_37,CALCE,90.7691705423039
320,3002.6447657506797,3.8682426210360235,1.5006442070007324,-0.02331862930121039,151,CS2_37,CALCE,91.52182195423332
321,3010.0059473373403,3.867411587482844,1.5009684562683105,-0.018137881506192617,150,CS2_37,CALCE,91.74286399323958
322,3013.0070867080067,3.8681261166216085,1.5014550685882568,-0.016183286678408997,149,CS2_37,CALCE,91.83217436720334
323,2969.671255676687,3.8625852815566524,1.5009686946868896,-0.01635525302037657,148,CS2_37,CALCE,90.5285604664137
324,2964.405087380437,3.8648979291077157,1.5006442070007324,-0.020884371489659558,147,CS2_37,CALCE,90.36957650119255
325,2970.688342371548,3.8669200384771667,1.5008063316345215,-0.019647017878770538,146,CS2_37,CALCE,90.55811227745107
326,2979.2634227777016,3.8651858051747374,1.5009686946868896,-0.016282225291321284,145,CS2_37,CALCE,89.7681593710932
327,2916.9962935172953,3.863913670726789,1.5003199577331543,-0.022293282652651254,144,CS2_37,CALCE,88.94196943875525
328,2962.0637117716833,3.8718978408167133,1.5008065700531006,-0.026794487541615716,143,CS2_37,CALCE,90.29793921053255
329,2976.5344868375105,3.8678835251114587,1.5008063316345215,-0.019732075115188038,142,CS2_37,CALCE,90.73279281805299
330,2982.0821252514725,3.867439691122476,1.5011308193206787,-0.019828276826649324,141,CS2_37,CALCE,90.90098842437722
331,2910.355330747494,3.8607948385056097,1.5004820823669434,-0.0182073745625278,140,CS2_37,CALCE,88.74182296335505
332,2903.714834757906,3.8670482940545385,1.5004823207855225,-0.023468375856665148,139,CS2_37,CALCE,88.54092913500907
333,2895.6074599280255,3.8657750192314686,1.5004823207855225,-0.024535375645678953,138,CS2_37,CALCE,88.29674667298411
335,2909.607217366807,3.8672255680367753,1.5004823207855225,-0.020760530374654744,136,CS2_37,CALCE,87.66730152564799
336,2924.01480845036,3.8701154452723427,1.5003199577331543,-0.0315221408232606,135,CS2_37,CALCE,89.151507115598
337,2944.2665370455943,3.8671196860448753,1.5006442070007324,-0.023517834017646465,134,CS2_37,CALCE,89.76077702021048
338,2951.564449472702,3.8681308910494945,1.5006442070007324,-0.019717846862345813,133,CS2_37,CALCE,89.97984593824987
339,2956.1430131471134,3.868143648397727,1.5009684562683105,-0.019707185272738095,132,CS2_37,CALCE,90.11823318993696
340,2958.941045942367,3.86897334553837,1.5008063316345215,-0.017429968599363965,131,CS2_37,CALCE,90.20240539916493
341,2960.145036277536,3.868609274914062,1.5009684562683105,-0.01807826437250851,130,CS2_37,CALCE,90.24221917985815
342,3025.654969584022,3.866441966651322,1.5012929439544678,-0.01968807644020258,129,CS2_37,CALCE,90.40199121244875
343,2966.8360210748506,3.866030247954579,1.5009684562683105,-0.019237566919991286,128,CS2_37,CALCE,90.44316086532945
344,2968.006531604333,3.866001813442676,1.5009684562683105,-0.019372488343679987,127,CS2_37,CALCE,90.4783810514122
345,2995.4493708181544,3.8682087671484933,1.5009684562683105,-0.01614569021875785,126,CS2_37,CALCE,90.25566135272479
346,2958.6916244379245,3.868990524583997,1.5011308193206787,-0.016022103784017337,125,CS2_37,CALCE,90.19736181665363
347,2957.5845057994593,3.8691442284599575,1.5009684562683105,-0.015848490139560512,124,CS2_37,CALCE,90.16401217558256
348,2990.8675068708253,3.86797175532073,1.5009684562683105,-0.017731087851822012,123,CS2_37,CALCE,90.1166369838383
349,2954.9751302316436,3.8679871239693338,1.5009684562683105,-0.018163283591408258,122,CS2_37,CALCE,90.08540195850553
350,2955.5376203935593,3.868060253804026,1.5012929439544678,-0.01831975177210433,121,CS2_37,CALCE,90.10218204232353
352,2901.340332284434,3.8758106783732473,1.5003199577331543,-0.02238271871641053,119,CS2_37,CALCE,88.47116339576039
353,2883.8714636909135,3.8651629710357462,1.5003199577331543,-0.022501550203864306,118,CS2_37,CALCE,87.94366399017242
354,2922.156687780269,3.869952999782883,1.5008065700531006,-0.029856393519030126,117,CS2_37,CALCE,89.09650459723662
355,2936.798845548692,3.8661178102587708,1.5008063316345215,-0.023489811062342533,116,CS2_37,CALCE,89.53603412080635
356,2942.018684214054,3.866249103295176,1.5008063316345215,-0.021980960827357576,115,CS2_37,CALCE,89.6933337645243
357,2874.856246737436,3.863293513007786,1.5004820823669434,-0.015025500763350954,114,CS2_37,CALCE,87.67150940395652
358,2861.1373640155653,3.8659020135191833,1.5004823207855225,-0.024636617528181998,113,CS2_37,CALCE,87.25777612356332
359,2858.3691360877856,3.8650256488917223,1.5003199577331543,-0.026717828044750484,112,CS2_37,CALCE,87.1735694827909
360,2851.9654780220735,3.86489834232135,1.5003199577331543,-0.026884320685115513,111,CS2_37,CALCE,86.98031937323428
361,2838.7462021156534,3.8656471185258163,1.5003199577331543,-0.02501188634328314,110,CS2_37,CALCE,86.58223627258369
362,2877.202901213037,3.867506451802711,1.5004823207855225,-0.03315871907717051,109,CS2_37,CALCE,87.73963334086147
363,2897.298540540418,3.869632210507489,1.5006442070007324,-0.02208381959771575,108,CS2_37,CALCE,88.34453101615249
364,2902.939666814491,3.8695776829352746,1.5009686946868896,-0.019722985268031623,107,CS2_37,CALCE,88.51488562628266
365,2838.6684691572736,3.8631048453056205,1.5003199577331543,-0.017166487626352554,106,CS2_37,CALCE,86.57927350880539
366,2823.840095089283,3.865066114787398,1.5001578330993652,-0.02674024734959199,105,CS2_37,CALCE,86.1320737667894
367,2821.824217749323,3.864598919363583,1.5001578330993652,-0.028659992948799656,104,CS2_37,CALCE,86.07127763582271
369,2878.2548602075167,3.7217831855683814,1.5001578330993652,-0.7980511141189294,102,CS2_37,CALCE,87.7843278354552
370,2851.6627350919407,3.8634517103938735,1.5004823207855225,-0.02351820158566964,101,CS2_37,CALCE,86.97878997816373
371,2843.270520914739,3.86724044117209,1.5004823207855225,-0.0239827870901623,100,CS2_37,CALCE,86.72509394869626
372,2833.864236808513,3.8644521466616926,1.5001578330993652,-0.027500943588253494,99,CS2_37,CALCE,86.42743530442945
373,2879.2907624002837,3.867893725836358,1.5004823207855225,-0.030795460931963104,98,CS2_37,CALCE,87.80614007066318
374,2888.695772050065,3.866746352577852,1.5004820823669434,-0.02487968747199886,97,CS2_37,CALCE,88.08905276693218
375,2862.0978769009816,3.8649767585073658,1.5006442070007324,-0.01867964167401872,96,CS2_37,CALCE,87.2891064594318
376,2824.0065808407962,3.8626747172313047,1.5001578330993652,-0.02547443476849623,95,CS2_37,CALCE,86.14014435818382
377,2824.1145052765933,3.86395955665244,1.5001578330993652,-0.031369710181833294,94,CS2_37,CALCE,86.14242640829028
378,2872.6834514379734,3.8660496489869223,1.5003199577331543,-0.023506691242396807,93,CS2_37,CALCE,85.79140704493501
379,2838.19139312896,3.863865496395351,1.5001578330993652,-0.029296914754204217,92,CS2_37,CALCE,85.51565862405576
380,2794.722560587703,3.862869856240866,1.5001578330993652,-0.029459267326751137,91,CS2_37,CALCE,85.2166458885151
381,2840.8985691890994,3.8707292493846683,1.5008065700531006,-0.030932457065824162,90,CS2_37,CALCE,86.64555372376522
382,2851.540459809592,3.865921113271355,1.5006442070007324,-0.02577191880831031,89,CS2_37,CALCE,86.96573128079248
383,2833.292428099492,3.8665282530996175,1.5009686946868896,-0.02092274483857492,88,CS2_37,CALCE,86.41573417774416
384,2790.849363069603,3.8624578797154956,1.5004823207855225,-0.025105768122658547,87,CS2_37,CALCE,85.1367868538338
385,2788.162031212676,3.863652107171845,1.5001578330993652,-0.031429443007188015,86,CS2_37,CALCE,85.05548737096802
386,2772.693414494919,3.8643668016917267,1.5001578330993652,-0.027483107880394066,85,CS2_37,CALCE,84.58807796662107
387,2768.175889237027,3.864751322951839,1.5001578330993652,-0.029585994077869444,84,CS2_37,CALCE,84.43677220162256
388,2760.646587654657,3.862516962044628,1.5003201961517334,-0.03183193094962349,83,CS2_37,CALCE,84.17024021207342
389,2803.6016127324256,3.8698625816425807,1.5004823207855225,-0.032148147702404026,82,CS2_37,CALCE,85.51823099002951
390,2815.6936750744644,3.865128611198346,1.5004820823669434,-0.028395547131140907,81,CS2_37,CALCE,85.8822702669571
391,2808.2273330245225,3.8686153533961947,1.5006444454193115,-0.023115409515591847,80,CS2_37,CALCE,85.65712860332043
392,2819.5001940923685,3.8618664195839787,1.5001578330993652,-0.02625402716696787,79,CS2_37,CALCE,84.18420553895913
393,2766.069203625957,3.865008035450117,1.5006444454193115,-0.029757399084327202,78,CS2_37,CALCE,84.38646672315022
394,2767.83500253869,3.8662259402409407,1.5003199577331543,-0.02684884856645228,77,CS2_37,CALCE,84.4406641667905
395,2764.7260581601295,3.8660055407336062,1.5001578330993652,-0.026807495915088277,76,CS2_37,CALCE,84.34635329809315
396,2757.602446982637,3.867836663063536,1.5004823207855225,-0.02514000011670753,75,CS2_37,CALCE,84.13168695633738
397,2793.367923164624,3.8687925489855486,1.5004820823669434,-0.03213224560678215,74,CS2_37,CALCE,85.20888903248724
398,2802.291587675456,3.8683587519658937,1.5006444454193115,-0.024804021216469765,73,CS2_37,CALCE,85.47865835150152
399,2806.3237507733284,3.869312824262467,1.5009686946868896,-0.022612151783080545,72,CS2_37,CALCE,85.60004616364515
400,2757.8038208237267,3.8621934110468086,1.5004820823669434,-0.022900095934836336,71,CS2_37,CALCE,84.13824456005261
401,2756.960064714134,3.86961297194163,1.5004820823669434,-0.025301453448148405,70,CS2_37,CALCE,84.11262386352219
402,2754.756945266039,3.868412859896396,1.5003199577331543,-0.024844646370880543,69,CS2_37,CALCE,84.04577644661842
403,2750.7882208279916,3.868055175382195,1.5006444454193115,-0.025043256061501696,68,CS2_37,CALCE,83.92581215967869
404,2740.788248556608,3.866546847296099,1.5006444454193115,-0.024881163540177366,67,CS2_37,CALCE,83.62486904234107
405,2772.1350712341955,3.8697538494218326,1.5004823207855225,-0.02998420033035866,66,CS2_37,CALCE,84.56893691783077
406,2781.964487363235,3.8703485527238644,1.5008065700531006,-0.022601923698940398,65,CS2_37,CALCE,84.8646431013868
407,2785.1991396109806,3.8698286093198337,1.5006442070007324,-0.02253432763362681,64,CS2_37,CALCE,84.96203292709562
408,2847.0912152646924,3.8669477154811225,1.5009686946868896,-0.02462711004126403,63,CS2_37,CALCE,85.01327844682487
409,2786.2933815548895,3.8666020068857403,1.5008065700531006,-0.023622120534128044,62,CS2_37,CALCE,84.99486184214369
410,2785.1841541400645,3.8703711805443315,1.5009686946868896,-0.020694552019452642,61,CS2_37,CALCE,84.96140448990222
411,2785.153182688984,3.8706175342254108,1.5008065700531006,-0.01991835188239047,60,CS2_37,CALCE,84.96010419273497
412,2786.9033772757975,3.8667506492800183,1.5009686946868896,-0.023894385473492246,59,CS2_37,CALCE,85.01338443592938
413,2789.4507571024587,3.8667951259348126,1.5006442070007324,-0.023768917119014077,58,CS2_37,CALCE,85.089327996293
414,2848.759773768368,3.867599738922911,1.5008065700531006,-0.022343955445828425,57,CS2_37,CALCE,85.06242716375833
415,2787.9508929682197,3.867702421432548,1.5008063316345215,-0.02210014168927156,56,CS2_37,CALCE,85.043949049569
416,2785.7637521273573,3.8673595870654887,1.5008063316345215,-0.022203918445732922,55,CS2_37,CALCE,84.97734243558851
417,2783.9512407676666,3.8701406472236024,1.5011308193206787,-0.020539058919165295,54,CS2_37,CALCE,84.92290730398916
419,2779.538996592676,3.8768905253797876,1.5003199577331543,-0.028634751004137284,52,CS2_37,CALCE,84.79528061770378
420,2759.11751514153,3.8658051982626214,1.5006444454193115,-0.023106038079912922,51,CS2_37,CALCE,84.17915306407494
421,2754.695663669205,3.8681977936562073,1.5004823207855225,-0.02475495133978308,50,CS2_37,CALCE,84.04532618499533
422,2779.573595791451,3.8703320310826888,1.5006442070007324,-0.024896706609267807,49,CS2_37,CALCE,84.79386734229558
423,2781.4492603254985,3.870485885633409,1.5006442070007324,-0.020473589930839135,48,CS2_37,CALCE,84.84994780491388
424,2746.072150453241,3.8675577865613926,1.5006442070007324,-0.016309340043201833,47,CS2_37,CALCE,83.78449436065442
425,2720.5553391497233,3.867507084778377,1.5003199577331543,-0.023383512584093425,46,CS2_37,CALCE,83.0152871434196
426,2719.3992420966824,3.8690446730582946,1.5003199577331543,-0.0257090743744619,45,CS2_37,CALCE,82.98055744651161
427,2711.7267876839614,3.8667451855090023,1.5003199577331543,-0.02691274340869189,44,CS2_37,CALCE,82.74834170479576
428,2704.0869816404884,3.8658375551374697,1.5003199577331543,-0.027365725402043555,43,CS2_37,CALCE,82.51791670142359
429,2699.3839299772662,3.8646960585556305,1.5003199577331543,-0.029820292888861486,42,CS2_37,CALCE,82.37627654971622
430,2735.214397898628,3.8690190981793147,1.5006444454193115,-0.030920732899912796,41,CS2_37,CALCE,83.45521387091763
431,2740.965150906297,3.86866184160219,1.5008065700531006,-0.024839518853489652,40,CS2_37,CALCE,83.62704211544673
433,2751.2139428298105,3.8656300646918162,1.5004823207855225,-0.01788590803251801,38,CS2_37,CALCE,82.12650096625056
434,2680.0247517418175,3.8667341058904476,1.5003199577331543,-0.02701866325202652,37,CS2_37,CALCE,81.79536298346547
435,2687.0878131134377,3.869044455614957,1.5003199577331543,-0.02682090711398897,36,CS2_37,CALCE,82.0074687204435
436,2678.493512281304,3.866451644030484,1.5003199577331543,-0.027347156222147697,35,CS2_37,CALCE,81.74803214489039
437,2708.9342095917964,3.866883290897716,1.5004823207855225,-0.027518631751987745,34,CS2_37,CALCE,81.61532876163378
438,2688.25952249713,3.8683442773610137,1.5006444454193115,-0.02988919529411262,33,CS2_37,CALCE,82.04266605210717
439,2744.5105019443145,3.8690084493417536,1.5006442070007324,-0.02763348251661594,32,CS2_37,CALCE,82.68646990502995
440,2713.3869078140706,3.8691219745143766,1.5004820823669434,-0.024861402633119253,31,CS2_37,CALCE,82.79804469914149
441,2672.9476104579226,3.865564876132541,1.5008065700531006,-0.018728250692311446,30,CS2_37,CALCE,81.58022587688397
442,2651.2280217768857,3.866983773507478,1.5003199577331543,-0.02532487375416107,29,CS2_37,CALCE,80.92516787961794
443,2712.616697039164,3.8676027424660995,1.5001578330993652,-0.02860158153726269,28,CS2_37,CALCE,80.96001288626839
444,2653.7165231669205,3.868079670211848,1.5004823207855225,-0.027449733392773745,27,CS2_37,CALCE,80.99934640735368
445,2647.369170909922,3.8666691017501496,1.5003199577331543,-0.02776989959495361,26,CS2_37,CALCE,80.80771474933545
446,2634.5718952616444,3.8683529050261884,1.5004823207855225,-0.025676751211802993,25,CS2_37,CALCE,80.42292664225312
447,2677.636493889033,3.870143061175066,1.5003199577331543,-0.03313693303746678,24,CS2_37,CALCE,81.72021793615959
448,2684.902509223728,3.869832398234934,1.5004820823669434,-0.02406942728144265,23,CS2_37,CALCE,81.93890547706498
449,2687.3094123896444,3.869611493055371,1.5006444454193115,-0.02471290895355987,22,CS2_37,CALCE,82.01260682884569
450,2633.509665368474,3.867301062625997,1.5003199577331543,-0.02201295493560953,21,CS2_37,CALCE,80.39119519597818
451,2638.3064044691855,3.8703830162388684,1.5004823207855225,-0.028251101004503336,20,CS2_37,CALCE,80.5359876242963
452,2633.0728485616273,3.869449595168785,1.5003199577331543,-0.025556305941211544,19,CS2_37,CALCE,80.37802331545082
453,2635.1041798765073,3.87084839520631,1.5003201961517334,-0.026034753530769162,18,CS2_37,CALCE,80.43938064149341
454,2621.3850857734215,3.867937291993035,1.5001578330993652,-0.026338549693011575,17,CS2_37,CALCE,80.0255622543235
455,2649.839895232406,3.8690417220601363,1.5003201961517334,-0.03402523396945244,16,CS2_37,CALCE,80.88358745684125
457,2661.0440692835255,3.870931428562511,1.5004820823669434,-0.021782442046414045,14,CS2_37,CALCE,81.21874332505047
458,2665.1403233642923,3.8714644021361413,1.5006442070007324,-0.022509974540537565,13,CS2_37,CALCE,81.34223057336696
459,2666.419446969172,3.871400476372155,1.5006444454193115,-0.023551150106988085,12,CS2_37,CALCE,81.38032769423963
460,2667.841658227204,3.8672388562289153,1.5006442070007324,-0.02691025835292583,11,CS2_37,CALCE,81.42342213919147
461,2668.9668410012964,3.8683670793754468,1.5008065700531006,-0.025151497565473066,10,CS2_37,CALCE,81.457180485653
462,2670.810922742705,3.8696791643700443,1.5009686946868896,-0.02241793657873256,9,CS2_37,CALCE,81.51261043005184
463,2671.9362905622693,3.8684839908627495,1.5009686946868896,-0.025575684974024047,8,CS2_37,CALCE,81.54623242251297
464,2672.717515455326,3.868524536706399,1.5008065700531006,-0.024939405482997983,7,CS2_37,CALCE,81.56986914052753
465,2672.8271353352466,3.8684299398159636,1.5008065700531006,-0.025368828223124012,6,CS2_37,CALCE,81.57301912141304
466,2673.4525240258663,3.8686220533605935,1.5006442070007324,-0.024717488820053826,5,CS2_37,CALCE,81.59116945362862
467,2673.6715671262355,3.8698108815974708,1.5011308193206787,-0.022963213707431342,4,CS2_37,CALCE,81.59783380125313
469,2693.4597938662846,3.875803691303863,1.5003201961517334,-0.03417836863644504,2,CS2_37,CALCE,81.1469235604268
470,2624.008029904031,3.866414169911985,1.5001578330993652,-0.026464350390489454,1,CS2_37,CALCE,80.06109361673832
471,2609.4923907893863,3.86751745786882,1.5001578330993652,-0.02840082856600656,0,CS2_37,CALCE,79.55061098408883
1,3372.042506796224,3.866358029103912,1.5001559257507324,-0.01785730507290255,546,CS2_38,CALCE,99.87235799227244
2,3376.525947863578,3.862510788440704,1.5001559257507324,-0.0151000644401339,545,CS2_38,CALCE,99.86151943233637
3,3355.8851824054327,3.860816716442447,1.5003180503845215,-0.013538903524216056,544,CS2_38,CALCE,99.23810612843735
4,3390.546062747191,3.865130773011376,1.5001559257507324,-0.02014508631075253,543,CS2_38,CALCE,100.43039959797484
5,3401.0825924038872,3.8616944846884502,1.5003178119659424,-0.015377974678672655,542,CS2_38,CALCE,100.60230571644819
6,3376.7153395439673,3.8594170235336347,1.5001559257507324,-0.010787118134481164,541,CS2_38,CALCE,99.86766912480331
7,3353.8559966323373,3.860479644922545,1.5003178119659424,-0.015246851777969458,540,CS2_38,CALCE,99.17715173942399
8,3360.4666500770836,3.8599424291435263,1.5004796981811523,-0.020027524823870768,539,CS2_38,CALCE,99.37690208465881
9,3349.6898574879597,3.8606785864787567,1.5006420612335205,-0.014685046518389384,538,CS2_38,CALCE,99.05167393241584
10,3353.403033179915,3.863178768328258,1.5001559257507324,-0.01637680201513701,537,CS2_38,CALCE,99.16218291412885
11,3362.340251273272,3.863248387147128,1.5003178119659424,-0.019981510277410575,536,CS2_38,CALCE,99.57739841672522
12,3381.8474972799013,3.8636128853349123,1.5003178119659424,-0.01518067429021946,535,CS2_38,CALCE,100.02129691493371
13,3387.2225443386997,3.860130533140305,1.5006415843963623,-0.016921340465344853,534,CS2_38,CALCE,100.18280152676242
14,3345.715066576493,3.8575042479136994,1.5001559257507324,-0.013466352702100547,533,CS2_38,CALCE,98.93041489730838
15,3339.3956143495743,3.8611708641052247,1.5003178119659424,-0.018516250890975038,532,CS2_38,CALCE,98.88580261467243
16,3351.429021837481,3.863118047515551,1.5004799365997314,-0.01634460479674869,531,CS2_38,CALCE,99.10282152532149
17,3342.5333241965564,3.8601208208572295,1.5003178119659424,-0.016702550819034167,530,CS2_38,CALCE,98.82589023262022
18,3343.316480436828,3.86133050989537,1.5004796981811523,-0.016767483342411942,529,CS2_38,CALCE,98.84919936538545
19,3343.402752301714,3.865898494523535,1.5001559257507324,-0.016937113442054397,528,CS2_38,CALCE,99.90374021240117
20,3385.2577634056797,3.859906566073323,1.5004799365997314,-0.016639280719110708,527,CS2_38,CALCE,100.11500496764978
21,3349.8357204529457,3.8588812735772904,1.5004799365997314,-0.00872845797068262,526,CS2_38,CALCE,99.046818372693
22,3339.2291819289094,3.86040373927071,1.5001559257507324,-0.016507211699111696,525,CS2_38,CALCE,98.72704421918357
23,3337.3265210223617,3.859888916584983,1.5001559257507324,-0.018164780850647322,524,CS2_38,CALCE,98.67039562529489
24,3274.6956961251562,3.861295081608331,1.5001559257507324,-0.01816693493321183,523,CS2_38,CALCE,98.7430867511747
26,3362.325077354357,3.7127490324132584,1.5092244148254395,-0.8775668603978822,521,CS2_38,CALCE,99.57234597658048
27,3347.5299200941954,3.859224882154238,1.5001559257507324,-0.017128104275753588,520,CS2_38,CALCE,98.98147318138032
28,3034.459824569065,3.840283518931905,1.5004796981811523,-0.008753869632549096,519,CS2_38,CALCE,87.70621719098153
29,3382.2342854956514,3.861747305533465,1.5003180503845215,-0.015361522053887498,518,CS2_38,CALCE,100.02509994342547
30,3283.84701751628,3.8618654272135564,1.5003178119659424,-0.015328642831229231,517,CS2_38,CALCE,100.07027152343167
31,3340.65433572288,3.856259278090842,1.5001559257507324,-0.014873926739815694,516,CS2_38,CALCE,98.77098082925052
32,3330.9612557634246,3.8608715883985965,1.5003180503845215,-0.019876546856966763,515,CS2_38,CALCE,98.76865624232829
33,3330.900825790348,3.8579805368434883,1.5001559257507324,-0.020054698150052862,514,CS2_38,CALCE,98.47516663395862
35,3337.505632162418,3.8719881625478485,1.5001559257507324,-0.08700894749321178,512,CS2_38,CALCE,98.68692319466257
36,3334.0737092218515,3.8594258343995507,1.5001559257507324,-0.018769225592850082,511,CS2_38,CALCE,98.58168706071682
37,3332.898970454451,3.858872134528474,1.5004796981811523,-0.020397500814587674,510,CS2_38,CALCE,98.54646967648317
38,3366.808164489361,3.8653386374963143,1.5001559257507324,-0.019717730258768343,509,CS2_38,CALCE,99.56981342736141
39,3374.901797553852,3.862490299168755,1.5001559257507324,-0.015341893271269167,508,CS2_38,CALCE,99.81379049590625
40,3356.4715622145523,3.860492095131438,1.5006415843963623,-0.012146871794440309,507,CS2_38,CALCE,99.25748748631516
41,3325.6562057016126,3.8595790227730116,1.5001559257507324,-0.015271026645922994,506,CS2_38,CALCE,98.32726379173822
42,3329.635778963362,3.860295767540688,1.5006415843963623,-0.021911557419199736,505,CS2_38,CALCE,98.59283682998594
43,3259.546289537335,3.8610524279219254,1.5001559257507324,-0.01702418238948268,504,CS2_38,CALCE,98.29427881701938
44,3320.279629064098,3.8623833971338586,1.5003178119659424,-0.016853077325172158,503,CS2_38,CALCE,98.31000395551486
45,3330.456450572834,3.8612634863581383,1.5003178119659424,-0.02180596841745674,502,CS2_38,CALCE,98.61735894665873
46,3350.618237209972,3.863243349251293,1.5004796981811523,-0.016903785684310908,501,CS2_38,CALCE,99.07960984487667
47,3354.657984807476,3.8631176828276863,1.5004796981811523,-0.015385964507436053,500,CS2_38,CALCE,99.20190256906993
48,3315.8079218479106,3.8565696677761876,1.5003178119659424,-0.015219742047961544,499,CS2_38,CALCE,98.02678476946042
49,3306.320621108869,3.8605446188831616,1.5004796981811523,-0.020303520488567553,498,CS2_38,CALCE,97.88609227166631
50,3311.001850449451,3.8603029366346284,1.5003178119659424,-0.02023760632749329,497,CS2_38,CALCE,97.88150691711766
51,3306.50647754682,3.8596635203347107,1.5006415843963623,-0.020067098596220516,496,CS2_38,CALCE,97.74607616222379
52,3299.776759963046,3.8613836924718146,1.5004796981811523,-0.0183936844638777,495,CS2_38,CALCE,97.54242112130765
53,3327.557038049097,3.8638631667460763,1.5001559257507324,-0.02162619966773289,494,CS2_38,CALCE,98.5271695961189
54,3338.523522663425,3.862265491059848,1.5003178119659424,-0.01679162880888287,493,CS2_38,CALCE,98.71192182594675
55,3340.842566449195,3.8616196924731847,1.5003180503845215,-0.01677016346574029,492,CS2_38,CALCE,98.78111226254502
56,3342.4039854410803,3.8614543768621625,1.5001559257507324,-0.01681738715255744,491,CS2_38,CALCE,98.82927064485142
57,3340.054624582466,3.8626006456086475,1.5003178119659424,-0.01505904910246049,490,CS2_38,CALCE,98.90393266285288
58,3348.090337165573,3.8626270739897777,1.5004796981811523,-0.015096499964087726,489,CS2_38,CALCE,99.00013890349707
59,3346.47904659342,3.863629470915484,1.5003178119659424,-0.013760295804704368,488,CS2_38,CALCE,99.09846546773379
60,3346.267709916341,3.8629644890508708,1.5003178119659424,-0.013373529012404526,487,CS2_38,CALCE,99.0922521279821
61,3352.4442858273396,3.863183909619348,1.5001559257507324,-0.013598654443378174,486,CS2_38,CALCE,99.1317539420726
62,3351.8970762185054,3.862661703098455,1.5003178119659424,-0.01370854938427436,485,CS2_38,CALCE,99.11492832105654
63,3350.30120642815,3.8626406235102366,1.5001559257507324,-0.013671205798405106,484,CS2_38,CALCE,99.06734789763424
64,3352.7225625565043,3.8633832183815318,1.5003178119659424,-0.013580515963413213,483,CS2_38,CALCE,99.14163584487724
65,3352.824796506844,3.862194102896741,1.5001559257507324,-0.013819509511845273,482,CS2_38,CALCE,99.14428771526471
66,3353.3932318282896,3.8628418459694767,1.5003178119659424,-0.013826979360730558,481,CS2_38,CALCE,99.1603027709425
67,3355.6715440636035,3.8596523391813653,1.5004796981811523,-0.016977530493999207,480,CS2_38,CALCE,99.22909930708443
68,3356.931072042731,3.860497088993297,1.5001559257507324,-0.015559860514407078,479,CS2_38,CALCE,99.26759342407412
69,3357.3366573891253,3.860099868213429,1.5004796981811523,-0.015441067651708556,478,CS2_38,CALCE,99.28034569338172
70,3315.3529808118474,3.857810390066113,1.5001559257507324,-0.009066316133041966,477,CS2_38,CALCE,98.01416622856247
71,3287.7203339773114,3.86112582431459,1.5001559257507324,-0.015134943688123062,476,CS2_38,CALCE,97.32608662779553
72,3306.2308303617174,3.8625915403452526,1.5003178119659424,-0.020218541033233985,475,CS2_38,CALCE,97.73821576180383
73,3294.1899148332304,3.8620220844118975,1.5003178119659424,-0.014978052607211327,474,CS2_38,CALCE,97.37394727745142
74,3284.825414640247,3.861243320956375,1.5006415843963623,-0.017434178083732894,473,CS2_38,CALCE,97.09210379222465
75,3316.305597808445,3.866029693141128,1.5001559257507324,-0.021931594140937014,472,CS2_38,CALCE,98.04173240197163
76,3329.2193579199957,3.861083366621786,1.5003178119659424,-0.018376845215124064,471,CS2_38,CALCE,98.43242113805162
77,3332.150909590302,3.8608326606807255,1.5004796981811523,-0.016768014950208625,470,CS2_38,CALCE,98.51996885877377
78,3280.232740677253,3.8560774938577613,1.5006415843963623,-0.015200856751519653,469,CS2_38,CALCE,96.95320655617465
79,3283.5168327808497,3.8621375902396875,1.5004796981811523,-0.02012206174496408,468,CS2_38,CALCE,97.05289755182133
80,3279.6047380401287,3.862865604053844,1.5004796981811523,-0.017520507648463756,467,CS2_38,CALCE,96.93600808075804
81,3279.128883913392,3.8613121138840185,1.5003178119659424,-0.02010612083496398,466,CS2_38,CALCE,96.92009963906159
82,3260.6105645491043,3.861642241842521,1.5001559257507324,-0.01696392076044765,465,CS2_38,CALCE,96.5076849926567
83,2963.0525601780973,3.842718511318117,1.5004796981811523,-0.0072201092177547315,464,CS2_38,CALCE,85.55410024133867
85,3319.7920358471893,3.8695655376353164,1.5001559257507324,-0.024001983143612148,462,CS2_38,CALCE,98.14881063412244
86,3307.3385246251055,3.8599722226940973,1.5001559257507324,-0.020369435773789635,461,CS2_38,CALCE,97.91855292373948
87,3333.750364944597,3.8631604960165826,1.5001559257507324,-0.02307628449419,460,CS2_38,CALCE,98.57026820798308
88,3273.9530646668572,3.862293752983435,1.5004796981811523,-0.018424747208802675,459,CS2_38,CALCE,98.8739035230255
89,3346.0003612690634,3.862490556779362,1.5003178119659424,-0.016935447745709098,458,CS2_38,CALCE,98.94006709526693
90,3300.7463503456966,3.857981072451773,1.5003178119659424,-0.01511260547706357,457,CS2_38,CALCE,97.57400209919905
91,3299.8477002296568,3.863085504712128,1.5003178119659424,-0.020179234947047407,456,CS2_38,CALCE,97.54707711339242
92,3296.027744189356,3.8623725179480926,1.5003178119659424,-0.01868470210914987,455,CS2_38,CALCE,97.43123900313628
93,3291.8076294826024,3.862694907695689,1.5003180503845215,-0.01929414457360942,454,CS2_38,CALCE,97.30380221648973
94,3279.7962377885415,3.8599105033932664,1.5001559257507324,-0.02079823260300611,453,CS2_38,CALCE,96.94081133381408
95,3315.8263109361287,3.8653338764653062,1.5003178119659424,-0.02218840115934709,452,CS2_38,CALCE,98.0280899524599
96,3319.362097644247,3.863340415038146,1.5003178119659424,-0.01687094650233749,451,CS2_38,CALCE,98.13302831670515
97,3321.1405115165107,3.862966465878415,1.5003178119659424,-0.016661937712823174,450,CS2_38,CALCE,98.18633819856173
98,3321.741360803775,3.862594448410355,1.5003178119659424,-0.01687906897501176,449,CS2_38,CALCE,98.20496918203482
99,3320.1970486826613,3.864007971957772,1.5006415843963623,-0.015295861236621452,448,CS2_38,CALCE,98.30465193752525
100,3328.069295364141,3.86034717417475,1.5004796981811523,-0.01863089771315789,447,CS2_38,CALCE,98.39568220978687
101,3324.3906851752836,3.8601649376883436,1.5003178119659424,-0.018456506953701938,446,CS2_38,CALCE,98.43131543419422
102,3326.2383659370535,3.8627910371312124,1.5003180503845215,-0.014772740381537702,445,CS2_38,CALCE,98.34064918853974
103,3325.487169729895,3.8630727243994523,1.5001559257507324,-0.015295323169013641,444,CS2_38,CALCE,98.31820999474145
104,3259.4561358789506,3.8629631582134496,1.5004796981811523,-0.01541840814089989,443,CS2_38,CALCE,98.2878950767847
105,3258.194880851428,3.8629519996528856,1.5001559257507324,-0.015300180185196601,442,CS2_38,CALCE,98.24943123105334
106,3322.6348076415015,3.8629214506663248,1.5004796981811523,-0.015205165540779315,441,CS2_38,CALCE,98.23204169985256
107,3322.5025057871244,3.8629966124803006,1.5008037090301514,-0.01552368219149603,440,CS2_38,CALCE,98.22763982395679
108,3318.1476721052895,3.862991760590833,1.5003180503845215,-0.015227298049427724,439,CS2_38,CALCE,98.24200175877627
109,3322.991131876188,3.862842434180711,1.5004796981811523,-0.015461057609101913,438,CS2_38,CALCE,98.24229303842704
110,3322.7547456496977,3.8627779540901415,1.5008037090301514,-0.015639750860561057,437,CS2_38,CALCE,98.23561581989196
111,3321.827665378456,3.8626455846660863,1.5001559257507324,-0.015542037877767253,436,CS2_38,CALCE,98.20745285772057
112,3282.0541367749684,3.8575210113067167,1.5001559257507324,-0.012272181212339221,435,CS2_38,CALCE,97.00425706021962
113,3257.3014245558297,3.86097544102581,1.5003178119659424,-0.018234468657276313,434,CS2_38,CALCE,96.40291999157658
114,3257.4280173039297,3.863229607511883,1.5006418228149414,-0.01890483142238719,433,CS2_38,CALCE,96.40754245320466
115,3249.350468639517,3.861348901895376,1.5004799365997314,-0.01993170779440054,432,CS2_38,CALCE,96.1649117927135
116,3244.760194682458,3.8595130759992715,1.5001559257507324,-0.02201229458547953,431,CS2_38,CALCE,95.88094878359695
117,3278.8088787159068,3.864785411475617,1.5001559257507324,-0.027057132675788215,430,CS2_38,CALCE,96.9095583660361
118,3289.819288610888,3.8634386272778265,1.5001559257507324,-0.0181355469181283,429,CS2_38,CALCE,97.24141507782291
119,3293.8636356448987,3.8637248342687434,1.5003178119659424,-0.017117814047202102,428,CS2_38,CALCE,97.3637675685789
120,3245.6104141570977,3.8571100672450633,1.5003178119659424,-0.016419675992143168,427,CS2_38,CALCE,95.90767463079641
121,3236.7389668826945,3.864524251536319,1.5001559257507324,-0.018518886724344975,426,CS2_38,CALCE,95.78388317682298
122,3232.0840007924126,3.863449879844122,1.5001559257507324,-0.01854289014491648,425,CS2_38,CALCE,95.64351381098236
123,3234.244722640433,3.8641201390983153,1.5001559257507324,-0.020433295798079457,424,CS2_38,CALCE,95.70912928214965
124,3235.13613723818,3.862610426008331,1.5003178119659424,-0.020878475951085083,423,CS2_38,CALCE,95.58916784804363
125,3265.037684662966,3.864163966998001,1.5001559257507324,-0.024107326145648155,422,CS2_38,CALCE,96.638927823619
126,3271.7201431245194,3.8621933874560566,1.5001559257507324,-0.020129760705458466,421,CS2_38,CALCE,96.84058115255111
127,3244.8463088300778,3.8580023580934943,1.5001559257507324,-0.015866591030782907,420,CS2_38,CALCE,95.8828506088355
128,3227.8645302141085,3.862163928271078,1.5001559257507324,-0.01975594869742369,419,CS2_38,CALCE,95.36966049233627
129,3228.932267030352,3.8630657812516636,1.5003178119659424,-0.022379293346488187,418,CS2_38,CALCE,95.54849156016154
130,3218.4081525385845,3.8598841031392417,1.5001559257507324,-0.021999570465013506,417,CS2_38,CALCE,95.08504267712267
131,3223.4139691411983,3.8627686478267207,1.5003178119659424,-0.02216808447341226,416,CS2_38,CALCE,95.23465539605274
132,3244.8251693334896,3.8650270999400607,1.5004796981811523,-0.02476895454578641,415,CS2_38,CALCE,95.880919228672
133,3258.6390204398194,3.8645722749043094,1.5001559257507324,-0.019094544928698075,414,CS2_38,CALCE,96.29752345045816
135,3244.0889439927614,3.8665526850673806,1.5003178119659424,-0.023563710024764893,412,CS2_38,CALCE,95.86190187530265
136,3241.200119656656,3.863790246270458,1.5001559257507324,-0.02053184717693308,411,CS2_38,CALCE,95.7747067741212
138,3260.8446625310316,3.8665752521609376,1.5004796981811523,-0.023819387124147808,409,CS2_38,CALCE,96.36594630727788
139,3270.3398763058067,3.8616516473461,1.5001559257507324,-0.022162641001924364,408,CS2_38,CALCE,96.65335083592646
140,3255.2506084895213,3.862729725123181,1.5001559257507324,-0.017294218011014592,407,CS2_38,CALCE,96.19728672318169
141,3218.9115769230557,3.859184179246796,1.5001559257507324,-0.020440573746776672,406,CS2_38,CALCE,95.10058671931075
142,3221.8737650558614,3.8632453676324765,1.5001559257507324,-0.023378028809161844,405,CS2_38,CALCE,95.18999279138184
143,3219.873537066451,3.8611126713454724,1.5003178119659424,-0.024176298877137015,404,CS2_38,CALCE,95.12933507432075
144,3215.3958022918523,3.8604492500424383,1.5003178119659424,-0.024268146258690136,403,CS2_38,CALCE,94.99398841261458
145,3221.4803501918796,3.860983419567814,1.5003178119659424,-0.025469636964173054,402,CS2_38,CALCE,95.17819026800782
147,3243.1686346182832,3.862829738599391,1.5001559257507324,-0.0183937620220498,400,CS2_38,CALCE,95.97815623958067
148,3249.952879610879,3.86240122795105,1.5001559257507324,-0.02085767771412905,399,CS2_38,CALCE,96.03726193621188
149,3252.075486376212,3.8634645682902424,1.5001559257507324,-0.01898558090926231,398,CS2_38,CALCE,96.10168642561908
150,3253.898119067191,3.8635082742187876,1.5001559257507324,-0.01895018255958002,397,CS2_38,CALCE,96.15685925691825
151,3260.79305690981,3.8643586825739384,1.5001559257507324,-0.01879199706737532,396,CS2_38,CALCE,96.36524441333665
152,3263.5413860205736,3.864453058359455,1.5003178119659424,-0.017244590080997532,395,CS2_38,CALCE,96.44706065162619
153,3264.4121247731673,3.8641593915606856,1.5003178119659424,-0.017493278453812225,394,CS2_38,CALCE,96.47433722572495
154,3265.340951861028,3.8651294257582687,1.5003178119659424,-0.015502119668892148,393,CS2_38,CALCE,96.50287451589547
155,3261.328332072677,3.8651259665082143,1.5003178119659424,-0.015604372477909925,392,CS2_38,CALCE,96.5274501550144
156,3266.5936778583273,3.8649551497726904,1.5003178119659424,-0.015570287826070709,391,CS2_38,CALCE,96.54079061150703
157,3267.216223204159,3.8649339152545465,1.5001559257507324,-0.01563625422177876,390,CS2_38,CALCE,96.5583896054509
158,3267.8360814966145,3.8649388479023443,1.5003178119659424,-0.015595023865898838,389,CS2_38,CALCE,96.57727676905559
159,3268.9839682420716,3.861411246847599,1.5001559257507324,-0.018815689994000344,388,CS2_38,CALCE,96.61258837077878
160,3270.815214136266,3.861582532117432,1.5001559257507324,-0.01835312597419271,387,CS2_38,CALCE,96.66651756881099
161,3265.470225168916,3.861062275964801,1.5001559257507324,-0.019285377741317188,386,CS2_38,CALCE,96.65121632226423
162,3270.4840283489903,3.8611582535740814,1.5004796981811523,-0.01878116380102723,385,CS2_38,CALCE,96.65711034021447
163,3246.513313347299,3.8618906500854027,1.5001559257507324,-0.013805318819811868,384,CS2_38,CALCE,95.93413927311222
164,3207.1087002707063,3.859386838741184,1.5003178119659424,-0.020331380237055174,383,CS2_38,CALCE,94.89048433854747
165,3204.529118752922,3.8632337426690846,1.5001559257507324,-0.02072047881793368,382,CS2_38,CALCE,94.66620292512783
166,3201.9492476083105,3.8639048266934,1.5003178119659424,-0.02049607723331897,381,CS2_38,CALCE,94.5886609963347
167,3200.022781152569,3.8638667611866535,1.5001559257507324,-0.021373330284644294,380,CS2_38,CALCE,94.52947429945306
168,3202.432632670796,3.8640777697353244,1.5003178119659424,-0.02232171518008046,379,CS2_38,CALCE,94.74820967429349
169,3232.6166044772835,3.8655649749388608,1.5003178119659424,-0.020852157329093457,378,CS2_38,CALCE,95.51315228455003
170,3239.3754439665936,3.862140636444092,1.5003178119659424,-0.02062355360517708,377,CS2_38,CALCE,95.71728452132152
171,3198.252827474207,3.860114427542908,1.5001559257507324,-0.014342680068244764,376,CS2_38,CALCE,94.62199252348954
172,3187.639212881506,3.8627271241155166,1.5003178119659424,-0.021520859934917327,375,CS2_38,CALCE,94.30162547694758
173,3201.943375422794,3.8643547918811536,1.5001559257507324,-0.022503726047452,374,CS2_38,CALCE,94.58677770204157
174,3192.1459553890163,3.86325809948123,1.5001559257507324,-0.020547516269846577,373,CS2_38,CALCE,94.437284274795
175,3189.7497628472047,3.861167537341328,1.5001559257507324,-0.0225768734579423,372,CS2_38,CALCE,94.21755290634678
176,3216.8033722782857,3.8655657895306437,1.5004799365997314,-0.026375718151206783,371,CS2_38,CALCE,95.03392038649378
177,3227.707179070567,3.8650436393985808,1.5001559257507324,-0.019052006147752137,370,CS2_38,CALCE,95.36507000809134
178,3232.864188236883,3.8652942268936723,1.5003178119659424,-0.017310831193484505,369,CS2_38,CALCE,95.51899512739921
179,3194.117921702971,3.8602972580265034,1.5001559257507324,-0.01741257010860444,368,CS2_38,CALCE,94.3495728313221
180,3194.5171631609555,3.863228891630593,1.5004796981811523,-0.022643781427540827,367,CS2_38,CALCE,94.36279417521932
181,3188.5401034352835,3.8625012021394647,1.5001559257507324,-0.022524705896999737,366,CS2_38,CALCE,94.32733937173163
182,3193.2950173690915,3.862437049547831,1.5003178119659424,-0.022724301745725574,365,CS2_38,CALCE,94.31651310389074
183,3188.926828179043,3.861842782242493,1.5003180503845215,-0.021991144636489962,364,CS2_38,CALCE,94.18400719583441
185,3212.694647147893,3.871816986012009,1.5006415843963623,-0.022469710911010573,362,CS2_38,CALCE,94.90536354399184
186,3213.543681890784,3.860556522756815,1.5001559257507324,-0.02478203976424851,361,CS2_38,CALCE,94.9318552649835
187,3172.4197134458336,3.8628927510104076,1.5003178119659424,-0.017537277114264317,360,CS2_38,CALCE,94.740848534197
188,3195.582664644273,3.861237367997034,1.5003178119659424,-0.02414806060877126,359,CS2_38,CALCE,94.38894552992154
189,3190.228960289118,3.8615918828861946,1.5003178119659424,-0.02436534703383299,358,CS2_38,CALCE,94.22836902943607
190,3190.4499409054333,3.861547992199282,1.5003178119659424,-0.02566699863225811,357,CS2_38,CALCE,94.23421322020636
191,3190.276973719534,3.8630251966932283,1.5001559257507324,-0.023373538902693475,356,CS2_38,CALCE,94.22846928991669
192,3186.935661191412,3.8614182133779917,1.5003178119659424,-0.024371035942680728,355,CS2_38,CALCE,94.12854977084459
193,3180.7357528527355,3.863209008413648,1.5003178119659424,-0.022224689764986996,354,CS2_38,CALCE,93.94106898453884
194,3207.2947725751583,3.8660359110151017,1.5003178119659424,-0.02807080497297994,353,CS2_38,CALCE,94.74246085030805
195,3207.5430796304136,3.8631333732902076,1.5003178119659424,-0.022784859962840496,352,CS2_38,CALCE,95.0411241479907
196,3221.462433470908,3.862589566507072,1.5006418228149414,-0.0224860253260744,351,CS2_38,CALCE,95.17092176681459
197,3219.454469303426,3.863396967419926,1.5004799365997314,-0.020002679195870413,350,CS2_38,CALCE,95.25577642225512
198,3215.9433465759794,3.8631968172440616,1.5003180503845215,-0.020720568777409798,349,CS2_38,CALCE,95.29454890317663
199,3192.1287784046435,3.86317519445597,1.5003180503845215,-0.020997756455357577,348,CS2_38,CALCE,95.33694029450687
200,3223.329762701149,3.864169292036594,1.5003178119659424,-0.018986139435864604,347,CS2_38,CALCE,95.3733969194676
202,3204.7297249005233,3.7643307921004623,1.5001559257507324,-0.7042738277391748,345,CS2_38,CALCE,94.66734316807944
204,3218.6367979184834,3.8635621609702566,1.5001559257507324,-0.019479624146376464,343,CS2_38,CALCE,95.08577596494492
205,3225.608080149417,3.8642561428340865,1.5003178119659424,-0.017782205742364176,342,CS2_38,CALCE,95.29550965239316
206,3228.7161895834797,3.8640996983021867,1.5003178119659424,-0.017991456699814147,341,CS2_38,CALCE,95.38927082269737
207,3201.570773523017,3.8617566909374106,1.5001559257507324,-0.017763086871171514,340,CS2_38,CALCE,94.71599071524393
208,3211.343511992003,3.861405581328728,1.5001559257507324,-0.022664088467979616,339,CS2_38,CALCE,94.86513001144004
209,3146.7637849107705,3.8614361619357,1.5003178119659424,-0.020740727669309303,338,CS2_38,CALCE,94.87740267720659
210,3150.3249766879308,3.862741691725595,1.5004799365997314,-0.020814642123224408,337,CS2_38,CALCE,95.13119351133835
211,3151.4994084805367,3.861620970923834,1.5004796981811523,-0.019303218660072455,336,CS2_38,CALCE,95.02121479743302
212,3170.359772713302,3.865653266109549,1.5004796981811523,-0.019192130640421627,335,CS2_38,CALCE,95.59024533014922
213,3204.341790072649,3.8616544798107966,1.5001559257507324,-0.01932574680567075,334,CS2_38,CALCE,95.70531820234565
214,3225.079145102849,3.861729576404278,1.5001559257507324,-0.015446663753289333,333,CS2_38,CALCE,95.28095872055319
215,2855.3688371838653,3.836036804225618,1.5001559257507324,-0.00543984751620694,332,CS2_38,CALCE,82.29790447549527
216,3143.3434183126083,3.8635818438366565,1.5001559257507324,-0.017697926784329642,331,CS2_38,CALCE,94.77511328660526
217,3206.6587908237125,3.8613275311748434,1.5003178119659424,-0.02105207237068159,330,CS2_38,CALCE,94.8696897600112
218,3143.4465901168587,3.861213878074788,1.5006418228149414,-0.020669047977241704,329,CS2_38,CALCE,94.92426774943499
219,3174.333661063836,3.864088326599739,1.5003178119659424,-0.017550758683996026,328,CS2_38,CALCE,94.79820495953908
220,3219.1434277152584,3.8656427535479283,1.5001559257507324,-0.018993396827847994,327,CS2_38,CALCE,95.39114327022567
221,3227.7734323288896,3.8641941724000155,1.5004796981811523,-0.017657543615279263,326,CS2_38,CALCE,95.50645068457489
222,3200.5593409323774,3.862112283706665,1.5008037090301514,-0.014293005060956014,325,CS2_38,CALCE,94.83005096075502
223,3188.305620593106,3.8620387226343156,1.5001559257507324,-0.019021072890153333,324,CS2_38,CALCE,94.45942540543969
224,3131.36020087183,3.8641190685331823,1.5003180503845215,-0.019521438250558278,323,CS2_38,CALCE,94.55915103011486
225,3194.5768103646406,3.8632183082401754,1.5003180503845215,-0.019355213759443757,322,CS2_38,CALCE,94.5043460041399
227,3155.4304519697907,3.86113139167428,1.5003180503845215,-0.019146163831005935,320,CS2_38,CALCE,94.22797666452456
228,3153.6535612505977,3.864191238011155,1.5003180503845215,-0.022753965209499384,319,CS2_38,CALCE,95.08455766761428
229,3121.172850700794,3.862899389060289,1.5003180503845215,-0.019340063161076903,318,CS2_38,CALCE,95.15580610282795
230,3190.585153444088,3.860265396396566,1.5004796981811523,-0.01612597389340911,317,CS2_38,CALCE,94.38307866474898
231,3184.050942786853,3.8615793718439657,1.5003178119659424,-0.02021233548102229,316,CS2_38,CALCE,94.18569453889617
232,3129.035834886832,3.863158091482324,1.5001559257507324,-0.020436735853855057,315,CS2_38,CALCE,94.34073904236777
233,3188.21157210425,3.8620819193442415,1.5004799365997314,-0.021252944504495504,314,CS2_38,CALCE,94.30993329024233
234,3162.918301202066,3.8639131128787993,1.5003178119659424,-0.019416069748419317,313,CS2_38,CALCE,94.45394554551376
235,3209.603096388164,3.861693099141121,1.5001559257507324,-0.024671035586831636,312,CS2_38,CALCE,94.81003532719829
236,3207.7822910003597,3.8630277379747513,1.5003178119659424,-0.0191351883833307,311,CS2_38,CALCE,95.04693291184508
237,3119.970418254379,3.862616633483131,1.5003180503845215,-0.019338389708574863,310,CS2_38,CALCE,95.12032438294797
238,3181.6936455317773,3.863541438255781,1.5003178119659424,-0.017703180096072017,309,CS2_38,CALCE,95.16676168073818
239,3217.6278881836915,3.863442959608855,1.5003178119659424,-0.017082105635773184,308,CS2_38,CALCE,95.19834970961027
240,3123.846517644706,3.8634484638402493,1.5001559257507324,-0.01750728584235231,307,CS2_38,CALCE,95.23653552765319
241,3227.617261331994,3.864064708903984,1.5004796981811523,-0.017636398179025424,306,CS2_38,CALCE,95.35449186757175
242,3229.334932831407,3.8644221569941593,1.5003180503845215,-0.015734608221457447,305,CS2_38,CALCE,95.40629448241424
243,3229.8297503212816,3.8642567370488092,1.5001559257507324,-0.016074150159704283,304,CS2_38,CALCE,95.42070732914308
244,3165.274194563681,3.864169549208421,1.5004796981811523,-0.015747922634201623,303,CS2_38,CALCE,95.43698537929676
245,3195.351485528692,3.8640370126870964,1.5006418228149414,-0.016055838853619487,302,CS2_38,CALCE,95.43374739786304
246,3165.089823980583,3.8640295358804555,1.5004799365997314,-0.01601145423330728,301,CS2_38,CALCE,95.4308692902776
247,3219.754138478311,3.863929883516752,1.5003178119659424,-0.01608191773438683,300,CS2_38,CALCE,95.4085441799813
248,3194.2478331878665,3.863941343014057,1.5001559257507324,-0.015932675367667588,299,CS2_38,CALCE,95.39983077181411
249,3129.4898630480748,3.8640743761796217,1.5004799365997314,-0.015660817939604804,298,CS2_38,CALCE,95.40733128657982
252,3223.6374542765943,3.869917952011679,1.5003178119659424,-0.022346154556626373,295,CS2_38,CALCE,95.23962248096255
253,3212.2148151620604,3.861510173455111,1.5001559257507324,-0.01949190376292202,294,CS2_38,CALCE,95.03916314790845
254,3231.4996518977423,3.865708807980792,1.5003178119659424,-0.020270346187384835,293,CS2_38,CALCE,95.47598099052601
255,3202.2559869135875,3.864876377729722,1.5003178119659424,-0.01766199594863725,292,CS2_38,CALCE,95.64573300846602
256,3238.160999480475,3.8653314839876614,1.5003180503845215,-0.015959860087336544,291,CS2_38,CALCE,95.67669282339072
257,3135.511210803663,3.860891518385514,1.5001559257507324,-0.01512753595117055,290,CS2_38,CALCE,94.6871284959654
258,3201.748661799691,3.8643331326544286,1.5003178119659424,-0.01936479194509815,289,CS2_38,CALCE,94.72368918083812
259,3203.3751071674487,3.865070025868876,1.5001559257507324,-0.017511435293622285,288,CS2_38,CALCE,94.77294837088101
260,3171.2150109762442,3.8641962908510106,1.5001559257507324,-0.017496268277639747,287,CS2_38,CALCE,94.70729063971133
261,3126.122481488608,3.8626828884409967,1.5004796981811523,-0.01769680334411045,286,CS2_38,CALCE,94.4033170367032
262,3213.6051400484284,3.8654030383743856,1.5006418228149414,-0.020845998796780438,285,CS2_38,CALCE,95.08181728932125
263,3186.5575550980866,3.863572417953868,1.5001559257507324,-0.01753121411645455,284,CS2_38,CALCE,95.1702847209422
264,3211.2183241565363,3.861729655736758,1.5001559257507324,-0.017572953586445804,283,CS2_38,CALCE,94.8636172636393
265,3148.943491715734,3.861444420532274,1.5004799365997314,-0.01751199745269128,282,CS2_38,CALCE,94.18116257868991
266,3159.620621506532,3.8641059160232545,1.5001559257507324,-0.019332109270726504,281,CS2_38,CALCE,94.35761813342462
267,3188.862848506571,3.8626763351261615,1.5008037090301514,-0.019262240851276147,280,CS2_38,CALCE,94.33078671805963
268,3194.5168462899164,3.8631570816040037,1.5006418228149414,-0.019316891865219076,279,CS2_38,CALCE,94.36488749050406
269,3187.6722831577936,3.8619992554187776,1.5001559257507324,-0.01939577644589008,278,CS2_38,CALCE,94.15821719404872
270,3208.65045844196,3.8666979427278227,1.5003178119659424,-0.017404705291012637,277,CS2_38,CALCE,94.79084026791462
271,3212.3174145077937,3.861989464184079,1.5003178119659424,-0.019332799706577815,276,CS2_38,CALCE,94.90222774545023
272,3190.6886041273538,3.861421435240991,1.5001559257507324,-0.014443722629239177,275,CS2_38,CALCE,94.2492630146362
273,3178.7076095132215,3.8637870047827185,1.5003178119659424,-0.017806541684148837,274,CS2_38,CALCE,93.8875485095163
274,3143.4224214399,3.862178880966569,1.5001559257507324,-0.021215068787657564,273,CS2_38,CALCE,94.01215908147982
275,3175.0934861954884,3.8647336487500175,1.5003178119659424,-0.01735520126170163,272,CS2_38,CALCE,93.9168075817166
276,3168.6748628885252,3.8646236620609113,1.5001559257507324,-0.01723612833046065,271,CS2_38,CALCE,93.86831620903203
277,3123.233037121012,3.863005334476255,1.5001559257507324,-0.022731672362811855,270,CS2_38,CALCE,94.16705059984726
278,3200.0945924583357,3.865219860433418,1.5003178119659424,-0.01747099291681641,269,CS2_38,CALCE,94.52456378178428
279,3202.7524339887314,3.864381942422219,1.5001559257507324,-0.01754064484088717,268,CS2_38,CALCE,94.60483166279874
280,3168.1571351910243,3.860734674997838,1.5001559257507324,-0.016102463686578215,267,CS2_38,CALCE,93.70701108364138
281,3067.3720245516743,3.8638482364570303,1.5003180503845215,-0.019381458796146587,266,CS2_38,CALCE,93.53338163252536
282,3129.078982480045,3.8644408134255874,1.5003178119659424,-0.01945767697197765,265,CS2_38,CALCE,93.579795151421
283,3170.2262557971408,3.8641419666422654,1.5001559257507324,-0.01946677737849124,264,CS2_38,CALCE,93.62253626802953
284,3158.935651114676,3.862392369881037,1.5003178119659424,-0.0187887598047781,263,CS2_38,CALCE,93.42838382279965
285,3174.107856964867,3.8648553464397692,1.5003178119659424,-0.022803116798819682,262,CS2_38,CALCE,94.0322016262373
286,3189.5445121531375,3.8634394489228727,1.5003178119659424,-0.019489884285664515,261,CS2_38,CALCE,94.20666975874128
287,3091.9257599427365,3.86408227477861,1.5006418228149414,-0.017575472161464677,260,CS2_38,CALCE,94.27470167212705
288,3193.04216502473,3.8639960155308803,1.5003178119659424,-0.01742493204699435,259,CS2_38,CALCE,94.31205596803768
289,3189.1118955629645,3.863922359044678,1.5003178119659424,-0.01726708783957791,258,CS2_38,CALCE,94.33843653403318
290,3195.051169066399,3.8639622091132906,1.5001559257507324,-0.01753222134716183,257,CS2_38,CALCE,94.37274334921236
291,3192.4316724474775,3.864092376744636,1.5003178119659424,-0.017702420366432617,256,CS2_38,CALCE,94.43975570346628
292,3197.4203018114204,3.8647960291145753,1.5003178119659424,-0.01588406263619465,255,CS2_38,CALCE,94.44480358928422
293,3131.6017101596226,3.8646019171483768,1.5006415843963623,-0.01590198215636683,254,CS2_38,CALCE,94.42113690413264
294,3161.516700048058,3.8645999113225047,1.5003180503845215,-0.01598261888777065,253,CS2_38,CALCE,94.41137136361937
295,3190.822448101593,3.8645717349852093,1.5003180503845215,-0.015732311821173944,252,CS2_38,CALCE,94.38997310474635
296,3194.3977573121665,3.864457077121142,1.5003178119659424,-0.01616797013353247,251,CS2_38,CALCE,94.35334391241766
297,3193.7553202197305,3.863505165153575,1.5003180503845215,-0.017665909557359624,250,CS2_38,CALCE,94.33432425158844
298,3189.0480346155236,3.863540474870866,1.5003178119659424,-0.017831617592748383,249,CS2_38,CALCE,94.3368968989544
299,3128.705004508607,3.8644817356737504,1.5003180503845215,-0.016044776518743187,248,CS2_38,CALCE,94.33316181119963
300,3193.2290721073514,3.8644153353590402,1.5004799365997314,-0.015417606311777254,247,CS2_38,CALCE,94.31717209186884
302,3189.9511775160245,3.870483830290021,1.5003180503845215,-0.023195490222654904,245,CS2_38,CALCE,94.22235051794165
303,3181.872772487157,3.8616318739950657,1.5003178119659424,-0.01920532752328654,244,CS2_38,CALCE,93.97828427977937
304,3195.9689158531437,3.8650559959171704,1.5006418228149414,-0.022794044971316003,243,CS2_38,CALCE,94.40305333733747
305,3200.258022732218,3.864713873075919,1.5006418228149414,-0.017852400415945494,242,CS2_38,CALCE,94.53200817998086
306,3165.744628362554,3.8643032442372163,1.5001559257507324,-0.017704103779857955,241,CS2_38,CALCE,94.54199953174187
307,3169.297323191575,3.8615286058766713,1.5003178119659424,-0.015717536167951074,240,CS2_38,CALCE,93.59694443797481
308,3162.7816809085343,3.8626374662676946,1.5006418228149414,-0.02134920817378413,239,CS2_38,CALCE,93.4001836001912
309,3145.8981902328815,3.861400933205327,1.5001559257507324,-0.021032523092681235,238,CS2_38,CALCE,93.18257531052274
310,3150.026984264987,3.862471943414664,1.5003180503845215,-0.021121535617565693,237,CS2_38,CALCE,93.16064859190175
311,3139.4371233054408,3.8647157661498537,1.5003178119659424,-0.01737973635585698,236,CS2_38,CALCE,92.98608712764705
312,3170.7241818362527,3.8677081435541565,1.5006418228149414,-0.021267041376283567,235,CS2_38,CALCE,93.78489457252142
313,3115.712522319751,3.86289646178484,1.5003180503845215,-0.0192227954232294,234,CS2_38,CALCE,93.94140017867701
314,3072.881529358303,3.8650251735340464,1.5003178119659424,-0.016148247731062812,233,CS2_38,CALCE,93.70054401695496
315,3147.421612557635,3.8640154373796682,1.5003178119659424,-0.015735007306103353,232,CS2_38,CALCE,92.93388739318317
316,3148.8676115513954,3.8665062858944848,1.5003178119659424,-0.018328808804803958,231,CS2_38,CALCE,92.97706672804243
317,3140.325895360962,3.8650858916933575,1.5004799365997314,-0.017637898455951283,230,CS2_38,CALCE,92.86598943558201
318,3106.018159803556,3.864742504604279,1.5004796981811523,-0.01758294641982531,229,CS2_38,CALCE,92.73536546634824
319,3133.0304178598453,3.863263323808172,1.5003178119659424,-0.01938810498981253,228,CS2_38,CALCE,92.49961792790307
320,3129.37262652794,3.8668692647656306,1.5001559257507324,-0.021108415164566328,227,CS2_38,CALCE,93.43983139872188
321,3158.5552965883107,3.864998447070332,1.5004796981811523,-0.017536648273383852,226,CS2_38,CALCE,93.56177204142685
322,3144.8295366566454,3.863131535918179,1.5001559257507324,-0.013530135837241079,225,CS2_38,CALCE,92.85581061799118
323,3052.371250808239,3.864922320119108,1.5006418228149414,-0.015904316523825728,224,CS2_38,CALCE,92.17387855431049
324,3129.5008765583334,3.864859721911982,1.5001559257507324,-0.02132692381207007,223,CS2_38,CALCE,92.39412479979674
325,3087.2361736714374,3.8622708450110195,1.5003180503845215,-0.020593580941143833,222,CS2_38,CALCE,92.31454500717678
326,3057.889329196536,3.8623075871020074,1.5003178119659424,-0.01762280427616151,221,CS2_38,CALCE,91.28347488664947
327,3088.4912401267793,3.8621528814365336,1.5003180503845215,-0.025215090164486108,220,CS2_38,CALCE,91.30164521120227
328,3098.024911493354,3.8666256987131558,1.5001559257507324,-0.022843576698972193,219,CS2_38,CALCE,92.49428871827982
329,3073.826034606376,3.8650136533056854,1.5003178119659424,-0.01937891621306352,218,CS2_38,CALCE,92.67541385441854
330,3090.2738739698543,3.862030787970692,1.5003178119659424,-0.010910885287270236,217,CS2_38,CALCE,91.20831066286158
331,3057.0167981437407,3.860872551506641,1.5001559257507324,-0.023772448714759413,216,CS2_38,CALCE,90.49664569186837
332,3072.5917918296764,3.862725613148589,1.5004796981811523,-0.026834640993145416,215,CS2_38,CALCE,90.67452777769192
333,3054.2774772872217,3.863351630692435,1.5003178119659424,-0.02320511231030323,214,CS2_38,CALCE,90.26656070560779
334,3049.7151383553282,3.8623667150143755,1.5003178119659424,-0.02523375646151692,213,CS2_38,CALCE,89.98432853361318
335,3008.5048704060027,3.8667522310817204,1.5003178119659424,-0.0291631401442714,212,CS2_38,CALCE,90.84910375076961
336,3105.4007338789525,3.865825583633867,1.5001559257507324,-0.02325507203008739,211,CS2_38,CALCE,91.66483072051531
337,3049.0858187450795,3.8666160183320857,1.5003178119659424,-0.019369950105690724,210,CS2_38,CALCE,91.92690869672985
338,3118.797132466163,3.8661166663338515,1.5003180503845215,-0.01963896678470171,209,CS2_38,CALCE,92.07065101467197
339,3116.769011181488,3.8631048370093204,1.5001559257507324,-0.021138549256604234,208,CS2_38,CALCE,92.15412650826649
341,3124.365018734534,3.864097232271911,1.5003178119659424,-0.01968728003883886,206,CS2_38,CALCE,92.39132114948004
342,3130.0914232893265,3.8637537652519858,1.5003178119659424,-0.019477107061612996,205,CS2_38,CALCE,92.41847150441059
343,3126.6684904054273,3.8650802407945903,1.5001559257507324,-0.01790235045167979,204,CS2_38,CALCE,92.46038803640295
344,3127.3954980272683,3.863894270336817,1.5001559257507324,-0.017630449366859265,203,CS2_38,CALCE,92.33650647670213
345,3125.75602183945,3.8635376813305413,1.5001559257507324,-0.019207786180573564,202,CS2_38,CALCE,92.28757248867936
346,3124.6743455179967,3.8634716712745134,1.5004796981811523,-0.01939211781557492,201,CS2_38,CALCE,92.25416454793809
347,3118.879596982035,3.8634015291359773,1.5001559257507324,-0.019466770281305626,200,CS2_38,CALCE,92.22480485954011
348,3121.971509043884,3.8632684733457627,1.5004796981811523,-0.01955348082779533,199,CS2_38,CALCE,92.17419073147425
349,3123.141660446301,3.863543358578044,1.5003178119659424,-0.019652248426395392,198,CS2_38,CALCE,92.20830039705463
350,2787.030168625177,3.841862484229417,1.5003178119659424,-0.003719270138403076,197,CS2_38,CALCE,80.23919999068798
352,3081.761768502347,3.871255380599225,1.5003180503845215,-0.025090722405813542,195,CS2_38,CALCE,90.9540344317983
353,3001.964359523561,3.86219765625748,1.5003178119659424,-0.023689363831636,194,CS2_38,CALCE,90.50790917352808
354,3096.058764822763,3.867590156255984,1.5003180503845215,-0.029401598280040107,193,CS2_38,CALCE,91.53093653413379
355,3047.814971441403,3.86622913037577,1.5001559257507324,-0.021410068963846684,192,CS2_38,CALCE,91.89048955449879
356,3018.424236221559,3.866402537876387,1.5001559257507324,-0.019645343634777643,191,CS2_38,CALCE,92.05451407833561
357,3054.0478787841275,3.8607048677699187,1.5004799365997314,-0.017063977922607176,190,CS2_38,CALCE,90.11561209746284
359,2940.9180202574935,3.862952403896319,1.5001559257507324,-0.023212845858222673,188,CS2_38,CALCE,89.71506362115484
360,3034.563521986056,3.8652741003036497,1.5003180503845215,-0.02367584017367335,187,CS2_38,CALCE,89.52796233821759
361,3022.343098098092,3.863232120672862,1.5003180503845215,-0.023502738282453115,186,CS2_38,CALCE,89.15839856221798
362,3050.268817828721,3.867618661261721,1.5003180503845215,-0.030933149410568305,185,CS2_38,CALCE,90.14630558614057
363,3075.8605798542994,3.8662216569863115,1.5001559257507324,-0.023088914696700158,184,CS2_38,CALCE,90.77348678352858
364,3076.889896661596,3.8657511981380104,1.5004796981811523,-0.021074892326215653,183,CS2_38,CALCE,90.95118968075595
365,3014.7388833567966,3.860800525075511,1.5003178119659424,-0.01687299940931403,182,CS2_38,CALCE,89.22053885402936
366,3003.7866180679703,3.863043350519544,1.5003178119659424,-0.02653269507650704,181,CS2_38,CALCE,88.74390177112224
367,3005.599761353369,3.862452837444792,1.5001559257507324,-0.02818163133301579,180,CS2_38,CALCE,88.65338623929816
369,3023.862654781372,3.7180153140726016,1.5001559257507324,-0.8020648047981817,178,CS2_38,CALCE,89.2133760185754
370,3006.7240265115015,3.8632598453977973,1.5001559257507324,-0.022993321951124447,177,CS2_38,CALCE,88.83874620819331
371,3002.783637152901,3.8633746115366616,1.5001559257507324,-0.024415714482406658,176,CS2_38,CALCE,88.71951035763382
372,2998.487741851015,3.8652066221140853,1.5003178119659424,-0.024930143199690186,175,CS2_38,CALCE,88.58906312406015
373,3044.3351572924803,3.867895672091614,1.5001559257507324,-0.0274352262245594,174,CS2_38,CALCE,89.97203367677557
374,3054.4874478102356,3.8667377445258593,1.5003178119659424,-0.022027900343968405,173,CS2_38,CALCE,90.2776826988826
375,2964.0182206559984,3.862874235761793,1.5003178119659424,-0.015845693305697007,172,CS2_38,CALCE,89.36479813597778
376,3003.9249246093095,3.8643487715881144,1.5003178119659424,-0.022866056282921838,171,CS2_38,CALCE,88.60605726553383
377,2904.956681262207,3.8616402526495834,1.5003178119659424,-0.029178097613445975,170,CS2_38,CALCE,88.631740839099
378,2994.4931330842956,3.8625585960375295,1.5001559257507324,-0.02578254384256119,169,CS2_38,CALCE,88.31990292495854
379,2956.6265589143295,3.8630396107495844,1.5003178119659424,-0.027811221422832776,168,CS2_38,CALCE,88.22813317038832
380,2952.2972933939163,3.8619818307585634,1.5004799365997314,-0.028618042143772088,167,CS2_38,CALCE,88.06446631120274
381,3027.7022685753473,3.8678727357979588,1.5003180503845215,-0.02734662832673752,166,CS2_38,CALCE,89.32000420739259
382,3036.888562940061,3.8637517382767026,1.5003180503845215,-0.02553527319066794,165,CS2_38,CALCE,89.59795538071336
383,3004.4866189261375,3.863466438660986,1.5003178119659424,-0.016218748776724815,164,CS2_38,CALCE,88.61933234557344
384,2915.685281624028,3.8600984508708374,1.5001559257507324,-0.027455487242162742,163,CS2_38,CALCE,87.9016975177776
385,2979.599036723579,3.8632515026351153,1.5003178119659424,-0.028482349957063224,162,CS2_38,CALCE,87.86885981487036
386,2958.1873730227235,3.8646838932621237,1.5001559257507324,-0.025488189021959387,161,CS2_38,CALCE,87.51315361805378
387,2964.4506520512805,3.86381702961987,1.5001559257507324,-0.02929436839542476,160,CS2_38,CALCE,87.40953284449286
388,2902.2152074758487,3.8630496849309126,1.5001559257507324,-0.0299174043141263,159,CS2_38,CALCE,87.49475802114051
389,2999.47186056638,3.865035951338232,1.5003178119659424,-0.030684950202643148,158,CS2_38,CALCE,88.61327879239732
390,3012.839844537608,3.86452134078163,1.5003178119659424,-0.025391723824560605,157,CS2_38,CALCE,88.86990670036157
391,2967.9678899202845,3.8609521661944664,1.5001559257507324,-0.018483842567067206,156,CS2_38,CALCE,87.51621827195045
392,2946.365274389944,3.8633439842968773,1.5003178119659424,-0.029267195919375547,155,CS2_38,CALCE,87.15511937946333
393,2961.3356033656164,3.866836804985593,1.5001559257507324,-0.02737585921893405,154,CS2_38,CALCE,87.45997947968036
394,2920.984450713324,3.8648959560459164,1.5003178119659424,-0.025206683350679483,153,CS2_38,CALCE,87.29354239881143
395,2955.5721383754862,3.864192799903427,1.5001559257507324,-0.027383858776143584,152,CS2_38,CALCE,87.28706180826067
396,2958.72381524276,3.86288202870382,1.5003180503845215,-0.027854342344801507,151,CS2_38,CALCE,87.38261179828082
397,2996.7265919140773,3.8668118573851507,1.5001559257507324,-0.027721371744083026,150,CS2_38,CALCE,88.3844140351134
398,2962.8764258451993,3.8686140939144784,1.5001559257507324,-0.021093183109573404,149,CS2_38,CALCE,88.55864782771626
399,2959.4809224015917,3.864615576379251,1.5003178119659424,-0.01767936987665895,148,CS2_38,CALCE,87.55040233250472
400,2887.7685836919118,3.8636225024048163,1.5001559257507324,-0.024816617988550563,147,CS2_38,CALCE,87.057052853746
401,2946.269001248176,3.8638841322023576,1.5003178119659424,-0.02775430613079862,146,CS2_38,CALCE,87.15120057486398
402,2953.606025519548,3.8640281031156154,1.5001559257507324,-0.027307550398609083,145,CS2_38,CALCE,87.08216572255296
403,2941.0720360862906,3.8637141847773218,1.5006418228149414,-0.027255241564730116,144,CS2_38,CALCE,86.99499583246028
404,2952.1938403348904,3.8637332842774588,1.5003178119659424,-0.029432687465871774,143,CS2_38,CALCE,87.18556447995053
405,2885.4623479535803,3.8656893035112803,1.5001559257507324,-0.027656580326024364,142,CS2_38,CALCE,88.03943928349926
406,2989.8125224699033,3.866917436554928,1.5001559257507324,-0.023183721924961723,141,CS2_38,CALCE,88.17585968724093
407,2957.589454651694,3.86559809498514,1.5001559257507324,-0.02357446743286554,140,CS2_38,CALCE,88.25423921013603
408,2993.1301148081548,3.8676847335088214,1.5001559257507324,-0.021251181021691757,139,CS2_38,CALCE,88.27425629556055
409,2993.233438227093,3.8675845426859268,1.5001559257507324,-0.021297618275741153,138,CS2_38,CALCE,88.27943262797687
410,2993.8482094488572,3.8664973822216058,1.5003178119659424,-0.021654098704863563,137,CS2_38,CALCE,88.29655841832513
411,2988.9128988450393,3.867506003300083,1.5003178119659424,-0.020765124044101566,136,CS2_38,CALCE,88.29390946081935
412,2995.7995360153145,3.868458657759089,1.5001559257507324,-0.02111549674169893,135,CS2_38,CALCE,88.50170247875732
413,2965.317136235826,3.8674426437620335,1.5004799365997314,-0.019762251486790044,134,CS2_38,CALCE,88.48789536032635
414,2965.821718501975,3.868672551314036,1.5004796981811523,-0.019338134691740075,133,CS2_38,CALCE,88.50281693748538
416,2958.946153439814,3.8686499326332067,1.5001559257507324,-0.017507289470833343,131,CS2_38,CALCE,88.43964452918031
417,2959.4199936758378,3.8684949668248496,1.5003180503845215,-0.018649946756775837,130,CS2_38,CALCE,88.45537202308624
419,2912.536346933224,3.870103724959756,1.5003180503845215,-0.029716931840503898,128,CS2_38,CALCE,87.80883390431701
420,2893.7394980348035,3.864778616468785,1.5003178119659424,-0.022323626454648145,127,CS2_38,CALCE,87.38715117611956
421,2936.051973323618,3.8625087998426,1.5001559257507324,-0.03163134397864238,126,CS2_38,CALCE,87.75188966825354
422,2931.182341665597,3.867655245141951,1.5004796981811523,-0.023655818092677566,125,CS2_38,CALCE,88.3703829489527
423,2992.133535111265,3.866510427238157,1.5001559257507324,-0.022125450450256653,124,CS2_38,CALCE,88.39310271639005
424,2948.4437964010503,3.86132019858569,1.5004799365997314,-0.01809589665242775,123,CS2_38,CALCE,87.07363987461663
425,2935.6612888695527,3.8657214029194558,1.5004799365997314,-0.02372816058708046,122,CS2_38,CALCE,86.54168301761206
426,2934.9925716427533,3.8666584344254327,1.5003178119659424,-0.025337729605550904,121,CS2_38,CALCE,86.52184611316353
427,2928.337426129263,3.8661408940541375,1.5003180503845215,-0.025097312578026568,120,CS2_38,CALCE,86.46562939814166
428,2860.0848744666,3.865004023325812,1.5003178119659424,-0.02481786031183663,119,CS2_38,CALCE,86.22126429700417
429,2941.6495652785816,3.867368489298327,1.5004799365997314,-0.027416636781956563,118,CS2_38,CALCE,86.72089900010432
430,2957.8564294164826,3.8678322438480093,1.5003178119659424,-0.025358782868239223,117,CS2_38,CALCE,87.35611178647244
431,2900.1617025689047,3.8671801809537207,1.5004796981811523,-0.02314694975700103,116,CS2_38,CALCE,87.42950706891986
432,2918.767243243521,3.863301461429919,1.5004796981811523,-0.016988834917989706,115,CS2_38,CALCE,86.1821396860391
433,2904.4310467577307,3.8643800218900046,1.5001559257507324,-0.025232963478022914,114,CS2_38,CALCE,85.60379584190949
434,2917.944494720141,3.8655317316418287,1.5001559257507324,-0.02966778106903935,113,CS2_38,CALCE,86.01087795070173
435,2905.892110729794,3.866526328981129,1.5001559257507324,-0.023968301279225408,112,CS2_38,CALCE,85.64716886752463
436,2908.008566277713,3.867198128667143,1.5001559257507324,-0.024383367638317093,111,CS2_38,CALCE,85.71153512035099
437,2907.2220815450128,3.8655990271104708,1.5001559257507324,-0.025899742101703142,110,CS2_38,CALCE,85.68775569501928
438,2933.3694714705634,3.8694769688897934,1.5004796981811523,-0.025007458732648282,109,CS2_38,CALCE,86.62420031258127
440,2926.8086646245793,3.867653236097219,1.5003178119659424,-0.019212837000658615,107,CS2_38,CALCE,86.27923716037455
441,2890.812296230026,3.863728055491992,1.5001559257507324,-0.022246287593349755,106,CS2_38,CALCE,85.1926730414863
442,2888.9557711124944,3.8642640172184763,1.5003178119659424,-0.029732536383390823,105,CS2_38,CALCE,85.13683182027336
443,2891.7634731828584,3.865084491955694,1.5003178119659424,-0.027315648441983368,104,CS2_38,CALCE,85.22293655125364
444,2875.4855350090074,3.86585674002454,1.5004796981811523,-0.022486015209025326,103,CS2_38,CALCE,84.72942809642656
445,2869.21541829349,3.865075297104685,1.5001559257507324,-0.026137011660683673,102,CS2_38,CALCE,84.53995419009763
446,2902.7205245988443,3.869968533097652,1.5001559257507324,-0.0312616657310444,101,CS2_38,CALCE,85.69766623439696
447,2915.107231797825,3.869108856755557,1.5001559257507324,-0.023941470979480073,100,CS2_38,CALCE,85.92651796698375
448,2914.534037894744,3.8660173653736964,1.5001559257507324,-0.02510907951851469,99,CS2_38,CALCE,86.05467053810963
450,2860.4989810663974,3.8646860858850314,1.5001559257507324,-0.025591647604443622,97,CS2_38,CALCE,84.27551841921621
451,2867.375104631472,3.8659407521637394,1.5001559257507324,-0.026640481860532663,96,CS2_38,CALCE,84.48352893764061
452,2863.4131125026615,3.866048514842987,1.5001559257507324,-0.02786647465857058,95,CS2_38,CALCE,84.51021233399514
453,2860.6705741582555,3.864583696278048,1.5004796981811523,-0.027797905054836185,94,CS2_38,CALCE,84.28280828212958
454,2880.4769709983375,3.8686748612474635,1.5001559257507324,-0.029571844382411488,93,CS2_38,CALCE,84.88106875171158
455,2896.6937927735853,3.866725841881091,1.5001559257507324,-0.027786214986022677,92,CS2_38,CALCE,85.37024574489469
456,2900.7768543824786,3.8670300187336073,1.5004796981811523,-0.025237972426819195,91,CS2_38,CALCE,85.49372274036489
457,2903.63370393432,3.868145659720609,1.5001559257507324,-0.023576478239198805,90,CS2_38,CALCE,85.57981893356286
458,2904.4459355861763,3.867850380372836,1.5003178119659424,-0.02360704901398991,89,CS2_38,CALCE,85.60368028965283
459,2900.2795057866024,3.8678851053376513,1.5001559257507324,-0.02242660105067541,88,CS2_38,CALCE,85.62439208658425
460,2905.940152417461,3.8678587712218606,1.5003180503845215,-0.02242784674587953,87,CS2_38,CALCE,85.64908926631966
461,2905.7066170058097,3.8687661417599384,1.5001559257507324,-0.021008719072641065,86,CS2_38,CALCE,85.64088515184565
462,2901.7489401227213,3.8689599111162383,1.5001559257507324,-0.02124809913180672,85,CS2_38,CALCE,85.66886774895441
463,2906.9613294337178,3.868862744857525,1.5001559257507324,-0.021109444961847,84,CS2_38,CALCE,85.67998212921843
464,2907.077956677589,3.8687270559113602,1.5003178119659424,-0.021703231916762888,83,CS2_38,CALCE,85.68319579592767
465,2903.470797037997,3.868848230098856,1.5001559257507324,-0.021483128200733174,82,CS2_38,CALCE,85.71898794514398
466,2909.2347825688776,3.868758333962539,1.5001559257507324,-0.021503640960897963,81,CS2_38,CALCE,85.75312250743545
467,2903.4003748932155,3.8683361793386526,1.5001559257507324,-0.021593806681277847,80,CS2_38,CALCE,85.73157544151188
469,2869.6601241096896,3.871803323427836,1.5003178119659424,-0.03231555995046729,78,CS2_38,CALCE,84.54900871759254
470,2815.677424487585,3.865538999543968,1.5001559257507324,-0.025566649878750958,77,CS2_38,CALCE,83.95555986034303
472,2878.2444297090624,3.8711708156464377,1.5001559257507324,-0.029095906247393073,75,CS2_38,CALCE,84.80484707084025
473,2885.8684384205408,3.865522905509231,1.5001559257507324,-0.027893654262453955,74,CS2_38,CALCE,85.03649792983343
474,2856.274801495805,3.8658737202624343,1.5001559257507324,-0.024103154474906897,73,CS2_38,CALCE,84.43520407220294
475,2828.854386324412,3.8620322005180276,1.5001559257507324,-0.02855804660931164,72,CS2_38,CALCE,83.31605767903393
476,2823.271388830224,3.864961498124259,1.5001559257507324,-0.02998664513600196,71,CS2_38,CALCE,83.43990364703275
477,2820.081304513209,3.863955192055021,1.5003178119659424,-0.03038075760175291,70,CS2_38,CALCE,83.34339883042591
478,2763.7720226481324,3.8641755299908773,1.5001559257507324,-0.0299351280917855,69,CS2_38,CALCE,83.3138818601174
479,2827.2375862323242,3.867513634397992,1.5004799365997314,-0.025227664676943908,68,CS2_38,CALCE,83.26670305558932
480,2760.665544237403,3.867242315061576,1.5001559257507324,-0.03373704401904877,67,CS2_38,CALCE,84.27153137971335
481,2861.2184022896545,3.866122647910051,1.5003178119659424,-0.028182663654123145,66,CS2_38,CALCE,84.43632676685345
482,2832.5897219218896,3.866907704503913,1.5001559257507324,-0.025112086221809462,65,CS2_38,CALCE,84.4784263992859
483,2806.2294209448446,3.8641673050741283,1.5001559257507324,-0.0207918033900106,64,CS2_38,CALCE,82.92246810714333
484,2750.3460101301025,3.866582156942903,1.5003180503845215,-0.028207968286989866,63,CS2_38,CALCE,82.90644003303318
485,2816.964913693635,3.866949138881491,1.5001559257507324,-0.028372064713144126,62,CS2_38,CALCE,82.95452131298269
486,2816.0341270963545,3.8668850626019267,1.5003178119659424,-0.028085380656520748,61,CS2_38,CALCE,83.07286408784772
487,2802.5067429028277,3.8651623939527835,1.5001559257507324,-0.026286916733334696,60,CS2_38,CALCE,82.66416441196321
488,2837.1616025813855,3.8669671926567024,1.5001559257507324,-0.034033083205428784,59,CS2_38,CALCE,83.56486303313723
489,2838.308674298838,3.867793447582434,1.5001559257507324,-0.02635759367483275,58,CS2_38,CALCE,83.74525931894992
490,2843.679716164712,3.867342674985845,1.5001559257507324,-0.02621116840822464,57,CS2_38,CALCE,83.76147647598765
491,2785.7996637635224,3.863747369431253,1.5001559257507324,-0.02017247011852755,56,CS2_38,CALCE,82.15878024722078
492,2755.8970611004333,3.8675363757393577,1.5003178119659424,-0.02745946209327237,55,CS2_38,CALCE,82.14683734804397
493,2782.730504751031,3.8668644922429865,1.5004796981811523,-0.02850068146320568,54,CS2_38,CALCE,82.06768504182497
494,2788.040950716182,3.86751221223311,1.5004799365997314,-0.02704113865546374,53,CS2_38,CALCE,82.08355419297192
495,2784.1323787549627,3.866553579677235,1.5001559257507324,-0.028262015253898095,52,CS2_38,CALCE,81.96536623187048
496,2797.4869191553444,3.8655948949896772,1.5003180503845215,-0.03217806489345034,51,CS2_38,CALCE,82.51372860522284
497,2759.930053742719,3.870522468320785,1.5003178119659424,-0.025780235431789658,50,CS2_38,CALCE,83.19763765078896
498,2831.7006765723927,3.8662153961819685,1.5001559257507324,-0.027399818722226615,49,CS2_38,CALCE,83.40196734217406
499,2771.226253711211,3.8653261882130363,1.5001559257507324,-0.021845442255449418,48,CS2_38,CALCE,82.62713819128153
500,2731.4067332859267,3.8684962260594005,1.5001559257507324,-0.024017488632882424,47,CS2_38,CALCE,82.33643726378128
501,2794.9351303894073,3.8684005815049876,1.5001559257507324,-0.026393712590619,46,CS2_38,CALCE,82.28942946582549
502,2698.0258024491486,3.8698548375484316,1.5001559257507324,-0.024554520227086506,45,CS2_38,CALCE,82.377677309259
503,2728.66699904541,3.8687592990131585,1.5003178119659424,-0.02453889846860596,44,CS2_38,CALCE,82.25081071766002
504,2727.8502755371155,3.8691264205891303,1.5001559257507324,-0.024234906077365618,43,CS2_38,CALCE,82.22623690976077
505,2823.05729300197,3.872430850100774,1.5003178119659424,-0.026011604025849813,42,CS2_38,CALCE,83.28276057256745
506,2796.8213235256844,3.866665091920406,1.5003180503845215,-0.025686221089498185,41,CS2_38,CALCE,83.3973877229059
507,2799.144417765201,3.8676443167373065,1.5001559257507324,-0.023838185969750025,40,CS2_38,CALCE,83.46802168988593
508,2829.693458959344,3.8674600663538956,1.5003178119659424,-0.024135731647176997,39,CS2_38,CALCE,83.48216513039596
509,2799.328095347795,3.8672855372142454,1.5003178119659424,-0.024069469125817203,38,CS2_38,CALCE,83.4742316474955
510,2734.0148326164926,3.867253498980519,1.5004796981811523,-0.023705023120283414,37,CS2_38,CALCE,83.46710473015241
511,2825.0868184638675,3.867358785636012,1.5003180503845215,-0.023834364693781418,36,CS2_38,CALCE,83.4914204532953
512,2799.935632097302,3.8671751081311663,1.5001559257507324,-0.02338008106019197,35,CS2_38,CALCE,83.49245062249062
513,2734.718873089121,3.8671224723856357,1.5001559257507324,-0.02396306724259526,34,CS2_38,CALCE,83.48758072422928
515,2826.986924760393,3.867420216610557,1.5001559257507324,-0.019490783229742334,32,CS2_38,CALCE,83.40385864973221
517,2828.5264440238825,3.867130446852299,1.5004799365997314,-0.020541013207740003,30,CS2_38,CALCE,83.31829081257914
519,2852.0571835335923,3.876577365398407,1.5003178119659424,-0.029155922923173094,28,CS2_38,CALCE,84.16296546209016
520,2839.4166677095636,3.8677304435194584,1.5003178119659424,-0.020447383133853834,27,CS2_38,CALCE,83.63459167416487
521,2816.6660340083545,3.8696321451917606,1.5001559257507324,-0.020663700082710058,26,CS2_38,CALCE,83.23935368074218
522,2790.343090645205,3.870735251311715,1.5004796981811523,-0.025263573182784826,25,CS2_38,CALCE,84.11608890096461
523,2851.798773846662,3.8654190381368,1.5001559257507324,-0.024964040860209424,24,CS2_38,CALCE,84.15208337541783
524,2833.5922503962647,3.866556554612979,1.5003178119659424,-0.02101399408725773,23,CS2_38,CALCE,83.60144956412248
525,2809.7326199925883,3.8670348842093287,1.5001559257507324,-0.019774291345251868,22,CS2_38,CALCE,82.73508210194096
526,2801.7161309063085,3.864563822746277,1.5001559257507324,-0.027269438904936282,21,CS2_38,CALCE,82.49440989664558
527,2798.4332681743836,3.8667532953310184,1.5003180503845215,-0.02622552066611294,20,CS2_38,CALCE,82.54229316493722
528,2789.5290138961864,3.869410187220402,1.5001559257507324,-0.022779151972542468,19,CS2_38,CALCE,82.27304297319306
529,2750.0024491281656,3.8688107909058496,1.5003178119659424,-0.022482739363649605,18,CS2_38,CALCE,81.98531826240507
530,2756.5433125704876,3.8718997660300714,1.5001559257507324,-0.028684693368012035,17,CS2_38,CALCE,83.09392588716945
531,2822.120134481782,3.865923746257809,1.5001559257507324,-0.024934281615898713,16,CS2_38,CALCE,83.25643325884869
532,2827.5071279330878,3.8667287843387457,1.5003178119659424,-0.024512923901093595,15,CS2_38,CALCE,83.27316955986322
533,2788.10085832802,3.866763007640839,1.5003180503845215,-0.018670140114720978,14,CS2_38,CALCE,82.08415868994592
534,2767.2108650923765,3.869798727657484,1.5001559257507324,-0.02010761307241594,13,CS2_38,CALCE,81.46175913176845
535,2753.4449387966015,3.868683445670388,1.5003178119659424,-0.02277396823099645,12,CS2_38,CALCE,81.04637619852919
536,2754.008759449236,3.869617311623845,1.5004796981811523,-0.025253152179897185,11,CS2_38,CALCE,81.20942198839985
537,2746.6799716207315,3.8688123643833356,1.5001559257507324,-0.02518076374960806,10,CS2_38,CALCE,81.13350099310247
538,2767.2771427988773,3.8707821656317605,1.5001559257507324,-0.024924114853803095,9,CS2_38,CALCE,81.46388924283582
540,2788.530691384949,3.8707893132314988,1.5001559257507324,-0.016850603227975887,7,CS2_38,CALCE,82.10426522118395
541,2790.9581747259363,3.871176581228933,1.5003180503845215,-0.02075152966113578,6,CS2_38,CALCE,82.1767260484916
542,2755.716890026524,3.8676883137744404,1.5001559257507324,-0.019479134653828216,5,CS2_38,CALCE,81.1128243202416
543,2741.701887490053,3.86708664894104,1.5001559257507324,-0.025151809056316685,4,CS2_38,CALCE,80.69017240807567
545,2771.608085295432,3.751603577286005,1.5001559257507324,-0.7318491596658951,2,CS2_38,CALCE,83.55206552021968
546,2796.1109178362713,3.867800710066943,1.5001559257507324,-0.01785281657127989,1,CS2_38,CALCE,82.32948910692174
547,2692.6480198896825,3.8634047134079204,1.5001559257507324,-0.013345327341322398,0,CS2_38,CALCE,79.35066497108357
1,3690.234,3.5298286688693397,1.5790244595982057,-1.8187019641679727,167,B0005,NASA,101.03612075737604
2,3672.344,3.5373201277859714,1.6025644849058818,-1.8175598506612867,166,B0005,NASA,100.48317099726185
3,3651.641,3.5437367282719,1.536269842147524,-1.8164865418840956,165,B0005,NASA,99.8857092916831
4,3631.563,3.5436661072601456,1.5955131540790246,-1.8255891938692528,164,B0005,NASA,99.88099260944905
5,3629.172,3.5423432526672167,1.6408788736365159,-1.8261139590277586,163,B0005,NASA,99.84741239614675
6,3652.281,3.5413347346347575,1.6678677575408627,-1.8168108743168803,162,B0005,NASA,99.90271470545926
7,3650.828,3.5410250495075215,1.700464318446476,-1.816791144707133,161,B0005,NASA,99.87465857541527
8,3572.453,3.554133296801584,1.5237229867660806,-1.8443412120754061,160,B0005,NASA,99.36365929373575
9,3550.594,3.5529355991467955,1.5851707782487536,-1.853972745505648,159,B0005,NASA,99.31016461412977
10,3551.25,3.5512057319376997,1.636369442190742,-1.8535899338510957,158,B0005,NASA,99.30142508055498
11,3530.25,3.549292319740949,1.7164677540585092,-1.863380178294828,157,B0005,NASA,99.30176708671323
12,3491.016,3.559759220648976,1.5403121145908556,-1.872968810287894,156,B0005,NASA,98.73480628254347
13,3470.281,3.558081969139198,1.616788617032181,-1.8826095043160833,155,B0005,NASA,98.71032789121479
14,3470.0,3.555692244172496,1.6638490961196997,-1.882536787636365,154,B0005,NASA,98.69336599226376
15,3450.297,3.562746818017503,1.494488440079794,-1.8817935155260215,153,B0005,NASA,98.10328232203557
16,3429.407,3.5614521756489204,1.5491106556703098,-1.8921861285036712,152,B0005,NASA,98.07655486872547
17,3409.484,3.5603420474985823,1.614996459590016,-1.9027629207037406,151,B0005,NASA,98.10227533886783
18,3390.422,3.5591189041401865,1.6945401166847782,-1.9133470605822436,150,B0005,NASA,98.12887816684055
19,3390.281,3.557886771846508,1.7335932668516607,-1.9131602105481538,149,B0005,NASA,98.11305788950271
20,3591.734,3.5520375235511907,1.5554712597645248,-1.8553455745575975,148,B0005,NASA,100.52119899838205
21,3552.297,3.5525668436897124,1.684852311902719,-1.8746995273150975,147,B0005,NASA,100.5424957147631
22,3531.578,3.556794038327039,1.5699394834412224,-1.873827212788385,146,B0005,NASA,99.93078412215371
23,3492.907,3.5614100044534203,1.493269548386189,-1.883193546754683,145,B0005,NASA,99.36496311267702
24,3511.594,3.5566107947817986,1.5636707232341367,-1.873239184822504,144,B0005,NASA,99.32865712611502
25,3431.9370000000054,3.5586742170266272,1.6866615511906167,-1.9139593751505897,143,B0005,NASA,99.35411963715585
26,3431.125,3.564103182686905,1.503262304015072,-1.9030532722310995,142,B0005,NASA,98.72551033812216
27,3412.406,3.559588063594272,1.640229650820101,-1.9134590742247914,141,B0005,NASA,98.76567833821011
28,3410.688,3.556833231052199,1.7162455419540428,-1.913620909902553,140,B0005,NASA,98.72215031069398
29,3410.718,3.5624410850948944,1.5266614318762528,-1.9025819745719061,139,B0005,NASA,98.11240701155741
30,3392.719,3.5591407106855666,1.645905128852621,-1.9130621638638965,138,B0005,NASA,98.183776327758
31,3470.672,3.5573161327793144,1.5721507615073014,-1.920618117118412,137,B0005,NASA,100.78115484722093
32,3414.109,3.561870782772737,1.568367065366878,-1.9298830859597569,136,B0005,NASA,99.63289422181477
33,3395.219,3.5617586337260088,1.5449725783412518,-1.9293005284805407,135,B0005,NASA,99.045137207391
34,3386.0,3.5597307651083123,1.5241346248010466,-1.923330987770314,134,B0005,NASA,98.46846030736948
35,3368.187,3.5575937553540915,1.5840279641860109,-1.9284469980320087,133,B0005,NASA,98.21277655563145
36,3368.266,3.5597237883937995,1.5412280588882217,-1.9231439161693824,132,B0005,NASA,97.92798831203426
37,3358.719,3.559061771422033,1.5012421164532008,-1.9170149640438081,131,B0005,NASA,97.33293341235105
38,3339.5,3.557015527748059,1.538285255683367,-1.922048805055383,130,B0005,NASA,97.03250687387741
39,3331.265,3.5562481933590964,1.4999490780289753,-1.9162302821549877,129,B0005,NASA,96.49429702987439
40,3321.188,3.5532756526091784,1.5866025402348543,-1.9220800182578983,128,B0005,NASA,96.49451686055308
41,3321.844,3.556266431640255,1.535872207879263,-1.9162417890311958,127,B0005,NASA,96.21338558714838
42,3311.828,3.5563095420140822,1.53270152853722,-1.9158809823517762,126,B0005,NASA,95.91095327106946
43,3327.391,3.558950851054106,1.5096604173598074,-1.9114406265753041,125,B0005,NASA,96.19951754832135
44,3312.078,3.5534418211598053,1.5554908734553856,-1.9158166997544155,124,B0005,NASA,95.93018043274893
45,3293.172,3.5510121537420285,1.5387453562263325,-1.9151304155635374,123,B0005,NASA,95.33490560772042
46,3275.328,3.551317608213948,1.5067135554199078,-1.9148485784393638,122,B0005,NASA,94.7971556595829
47,3265.016,3.549003180550162,1.528578180883987,-1.9144128654409127,121,B0005,NASA,94.48377265429156
48,3328.937,3.5597648340955175,1.5852514175396388,-1.9388813849818083,120,B0005,NASA,97.61488848580164
49,3329.266,3.5623454342368555,1.5279218393387732,-1.927509725704535,119,B0005,NASA,97.0469820440213
50,3301.579,3.558336657621618,1.52509378760422,-1.9267185977839403,118,B0005,NASA,96.18574384170145
51,3283.563,3.554013138622869,1.5680819867521216,-1.9261308349663746,117,B0005,NASA,95.6226576657601
52,3275.125,3.552376095886298,1.536459567828795,-1.9202346781375206,116,B0005,NASA,95.0704156284236
53,3265.656,3.549618661283733,1.5866988029538143,-1.9201011498853633,115,B0005,NASA,94.78995251904044
54,3266.093,3.54938103086703,1.5835858088519132,-1.9144278105456467,114,B0005,NASA,94.50179516386982
55,3257.594,3.5472118680418956,1.5701801872630354,-1.908340706503589,113,B0005,NASA,93.95207756783887
56,3248.593,3.5467052098640246,1.5328315380480677,-1.902207182631691,112,B0005,NASA,93.37980678992803
57,3238.766,3.544629653883431,1.548500622915899,-1.9020484449938713,111,B0005,NASA,93.09282265357325
58,3240.14,3.5436291614253204,1.555933629693063,-1.8964907679062355,110,B0005,NASA,92.84689196782116
59,3230.109,3.5444946147995258,1.5427966260811248,-1.895971437908019,109,B0005,NASA,92.53649033617492
60,3229.7810000000027,3.5409201846556857,1.5730775004880906,-1.8899648799839277,108,B0005,NASA,92.22458146831309
61,3212.469,3.541195668799061,1.5413877932477869,-1.8893703824420507,107,B0005,NASA,91.69793009903421
62,3213.219,3.540671044783382,1.5043451439246085,-1.8776883243431417,106,B0005,NASA,91.13036342093179
63,3203.578,3.5376048790268775,1.5599001547578042,-1.8831065986697755,105,B0005,NASA,91.13553846851903
64,3195.125,3.538422485261741,1.5120640886470826,-1.876359921441716,104,B0005,NASA,90.54488965812723
65,3195.3129999999946,3.53928626988912,1.5111524654628874,-1.8709550260104437,103,B0005,NASA,90.28896382564164
66,3186.297,3.533690170241391,1.5594446615452475,-1.8705599868289542,102,B0005,NASA,90.00815000307577
67,3176.438,3.534367734544495,1.5090017155805273,-1.8640049795794804,101,B0005,NASA,89.39859437384081
68,3167.593,3.5312941932103548,1.539179300098502,-1.8636932149873204,100,B0005,NASA,89.13758367298553
69,3167.719,3.5309134771684274,1.5332408736944325,-1.857820396301907,99,B0005,NASA,88.85878400687756
70,3159.077999999994,3.5287226893409893,1.5565930474821834,-1.8572160981955346,98,B0005,NASA,88.5876391457987
71,3148.829,3.52625493581969,1.5676653229387294,-1.8568340008006827,97,B0005,NASA,88.2813772939571
72,3149.094,3.528684324337005,1.5029477735149035,-1.8448886500218815,96,B0005,NASA,87.69361546738632
73,3140.547,3.525556939424901,1.5317512293177975,-1.8444180038305806,95,B0005,NASA,87.43442350957473
74,3131.625,3.5226805646793737,1.5584138856313996,-1.8438790389835118,94,B0005,NASA,87.15964495894876
75,3121.907,3.524673458789008,1.4998697666679615,-1.83711254029409,93,B0005,NASA,86.5530980230207
76,3122.125,3.5213155754526824,1.5305068907903694,-1.8315957075983758,92,B0005,NASA,86.30382666866662
77,3121.672,3.51803386486462,1.5523892544489035,-1.8311195242792309,91,B0005,NASA,86.25778860274694
78,3120.86,3.5236841955396794,1.5269607040794093,-1.8432799764914718,90,B0005,NASA,86.83376742986947
79,3103.828,3.519146638240668,1.5088974209800714,-1.829798505957538,89,B0005,NASA,85.70196938326075
80,3095.094,3.516233648608237,1.5097149260039369,-1.8236746835609148,88,B0005,NASA,85.1670876822183
81,3095.781,3.514773138461639,1.5244852706787944,-1.8176720770210877,87,B0005,NASA,84.8875671556861
82,3094.328,3.5132992979150073,1.5550901352335473,-1.8179238657973993,86,B0005,NASA,84.87209023723386
83,3086.531,3.514484830704665,1.5398344435517726,-1.817160673909645,85,B0005,NASA,84.61128231095819
84,3085.625,3.5109677353595243,1.5682645873158645,-1.8110297241968543,84,B0005,NASA,84.29479761505063
85,3067.203,3.5109358749578012,1.5367502434781186,-1.8094435644526072,83,B0005,NASA,83.71586956171399
86,3058.157,3.509393098217416,1.5152889517782042,-1.8026537331443495,82,B0005,NASA,83.15409400163581
87,3058.812,3.5066782411556563,1.5574111472129846,-1.8031542757366414,81,B0005,NASA,83.1873468782497
88,3058.578,3.5109885623008092,1.504216309493069,-1.7965666438696486,80,B0005,NASA,82.8674502736622
89,3049.328,3.510305462695178,1.502376677825107,-1.7959771394311956,79,B0005,NASA,82.5865537265985
90,3177.219,3.5222215314850214,1.530865240722013,-1.822916991757235,78,B0005,NASA,87.39391949962146
91,3082.937,3.5163492154331264,1.5713517996901194,-1.8294275689587538,77,B0005,NASA,85.10978811696607
92,3074.266,3.5134397623234963,1.56702819261921,-1.816317296828028,76,B0005,NASA,84.25220687565199
93,3066.0,3.515137522009075,1.4999562102347364,-1.8033689952639713,75,B0005,NASA,83.39689281577132
94,3056.437,3.50830390643132,1.5640252018805874,-1.802670753119494,74,B0005,NASA,83.10176975847159
95,3048.219,3.509190808443004,1.526389436376423,-1.7958941337499832,73,B0005,NASA,82.5577805704585
96,3039.218,3.5068097579555353,1.5438373839175794,-1.795344963527795,72,B0005,NASA,82.28241482851755
97,3039.047,3.50609090727422,1.54088963607175,-1.7893518988259454,71,B0005,NASA,81.9921374230255
98,3030.375,3.5037157727265953,1.5615500430112745,-1.7883879159763685,70,B0005,NASA,81.71901186806564
99,3021.0,3.5067479961367156,1.4977898331181354,-1.7815447770741009,69,B0005,NASA,81.13663127956974
100,3021.75,3.5058813026542324,1.499312205969162,-1.7753115642966961,68,B0005,NASA,80.86581996118875
101,3012.265,3.504168333530808,1.5062658623342235,-1.7742377662318358,67,B0005,NASA,80.56895697841406
102,3002.641,3.5030568931470634,1.5075549093187477,-1.773860289771637,66,B0005,NASA,80.2857333119448
103,3012.0,3.4982324882487936,1.5569514058715157,-1.7809702419814517,65,B0005,NASA,80.86773643695665
104,3020.11,3.5065859365661325,1.543369635876609,-1.7879098523188452,64,B0005,NASA,81.42221330783993
105,3002.172000000006,3.501457140697961,1.5533978084073272,-1.780229415660985,63,B0005,NASA,80.59001425231882
106,2992.703,3.501658387162809,1.526057785725258,-1.7731015168894209,62,B0005,NASA,79.9888402074461
107,2964.468,3.4966186408455298,1.5323416966915908,-1.7705879947441516,61,B0005,NASA,79.12606266122341
108,2983.375,3.4991645719433246,1.5086329228329602,-1.7600629827474803,60,B0005,NASA,79.13939523309797
109,2975.297,3.496080777360074,1.5599306531733093,-1.765575132998529,59,B0005,NASA,79.18715411371139
110,2974.9850000000006,3.4959014526387993,1.551286157393545,-1.7588271887545277,58,B0005,NASA,78.86161651221342
111,2966.25,3.49758697990267,1.4990862243750418,-1.7516428147438297,57,B0005,NASA,78.29718042030092
112,2956.359,3.4956989619989507,1.5040150347949637,-1.7513097768253418,56,B0005,NASA,78.01279133833013
113,2956.344,3.492875380810072,1.5487128547114666,-1.7511840784846122,55,B0005,NASA,78.01009509658284
114,2956.406,3.49551076423368,1.5130313531188766,-1.7446206812145286,54,B0005,NASA,77.71996372560803
115,2947.266,3.4942333590450834,1.5118421565847977,-1.7436362428649814,53,B0005,NASA,77.43998019216639
116,2937.984,3.491197414255986,1.5263052848874703,-1.7425325036061032,52,B0005,NASA,77.14112646825129
117,2929.125,3.4889094081576237,1.5324526419013331,-1.7419837011363046,51,B0005,NASA,76.86793231080334
118,2928.454,3.487376295811431,1.562771935128651,-1.7421680980861822,50,B0005,NASA,76.87716054651003
119,2929.375,3.491994243745711,1.5130084978187144,-1.735841378420618,49,B0005,NASA,76.60610980304376
120,2946.031,3.491585878898649,1.5292553944898328,-1.7567879869499758,48,B0005,NASA,78.00988602622579
121,2955.438,3.495576227046425,1.5511329041556676,-1.7573176114092575,47,B0005,NASA,78.27454472172288
122,2937.625,3.4938988589692483,1.5032288454800375,-1.7427628393326555,46,B0005,NASA,77.13708198736853
123,2929.078,3.49159162968384,1.4998279602043532,-1.7352637407600366,45,B0005,NASA,76.57254645555302
124,2918.375,3.4885729299834787,1.5159894043189133,-1.7344350518111926,44,B0005,NASA,76.25809502849008
125,2919.812,3.4869021151089825,1.5267994942538472,-1.7280392046289716,43,B0005,NASA,76.01302947687608
126,2900.422,3.4855485210036417,1.5244861049468859,-1.7326888725308258,42,B0005,NASA,75.71827115988482
127,2901.375,3.4838912547260388,1.534481618244914,-1.7260735249920125,41,B0005,NASA,75.44310594835396
128,2901.187,3.483198941484065,1.5276387083066272,-1.7195393742714093,40,B0005,NASA,75.1278813689598
129,2891.64,3.4836274447098883,1.5125354845254755,-1.7185829844462923,39,B0005,NASA,74.84486613824446
130,2882.906,3.480172442538601,1.5358315123778543,-1.717672415155695,38,B0005,NASA,74.58779168610499
131,2883.265,3.478452148610975,1.5586386238994736,-1.7177080769362936,37,B0005,NASA,74.58756061237537
132,2882.969,3.4785782556105507,1.5441587811037762,-1.7109669363015376,36,B0005,NASA,74.27337257000457
133,2891.656,3.4825195584604582,1.5120989651431906,-1.7184206130755166,35,B0005,NASA,74.85333450122133
134,2901.25,3.4886823636752826,1.5054326525395352,-1.7260471943596487,34,B0005,NASA,75.43672467574454
135,2891.703,3.4858502383832755,1.5008406276674382,-1.712021613408506,33,B0005,NASA,74.55172000066624
136,2883.016,3.478794177297151,1.5531748330002788,-1.711022510206629,32,B0005,NASA,74.27594592317288
137,2873.453,3.4812826020756744,1.4965295119940296,-1.703421414006958,31,B0005,NASA,73.70663776810144
138,2874.031,3.480352041587074,1.5194314346641398,-1.703574708739156,30,B0005,NASA,73.72403445079806
139,2874.234,3.4781127815565127,1.553681835524837,-1.7034912994217157,29,B0005,NASA,73.72742063858477
140,2864.984,3.4765867130506125,1.5515329711247938,-1.7023383270190764,28,B0005,NASA,73.43413776938884
141,2855.093,3.4733769291841643,1.564342009428377,-1.7014238498912502,27,B0005,NASA,73.15517475760043
142,2855.625,3.4726366397371127,1.55675016932837,-1.6950436046971957,26,B0005,NASA,72.87229267039045
143,2855.594,3.473439372740961,1.5581605620686485,-1.695057731610264,25,B0005,NASA,72.86810991270069
144,2847.437,3.4754777099091454,1.5279214908292724,-1.6937809113323188,24,B0005,NASA,72.60100881570995
145,2847.36,3.4722884821666766,1.5465147698851869,-1.6869434054016965,23,B0005,NASA,72.30917789178153
146,2837.328,3.471373665098864,1.5316854450199946,-1.6860649112944592,22,B0005,NASA,72.01129038520028
147,2837.281,3.4726160162875095,1.5075068880815077,-1.6795829780331424,21,B0005,NASA,71.73907930546054
148,2838.515,3.4738146874457896,1.5083723672795024,-1.679793840292355,20,B0005,NASA,71.75525851819687
149,2828.328,3.4701426486639693,1.545312147102178,-1.6851739865098712,19,B0005,NASA,71.74582132892965
150,2838.265,3.467523652225441,1.5199025241006576,-1.6863812036302581,18,B0005,NASA,72.04946956348563
151,2864.547,3.4767525840839255,1.561219292713214,-1.715777469309528,17,B0005,NASA,74.02227261347444
152,2846.39,3.4758956827369127,1.5215049059579635,-1.7007216920098716,16,B0005,NASA,72.90164356166697
153,2837.969,3.475812179626641,1.4993174684200228,-1.6928138295817332,15,B0005,NASA,72.33008870600875
154,2838.156,3.4746554404904435,1.5035290207126315,-1.6861104874993165,14,B0005,NASA,72.03867771458147
155,2829.843,3.472301781313945,1.5140451325269835,-1.685043785043406,13,B0005,NASA,71.76437186330112
156,2829.625,3.4729305773503527,1.499005872097702,-1.678524839793589,12,B0005,NASA,71.48361501068372
157,2819.437,3.4696192030612285,1.5316534112353306,-1.6839115230941766,11,B0005,NASA,71.4687537190599
158,2819.579,3.470018470757559,1.5164178085626352,-1.6773783325850857,10,B0005,NASA,71.17453776644912
159,2810.672,3.470762691935287,1.4953564592955662,-1.676425373206175,9,B0005,NASA,70.9153155805317
160,2811.485,3.468111467035994,1.5291012703818336,-1.67627880896028,8,B0005,NASA,70.93297251811079
161,2802.422,3.4648625780221494,1.5648351648480152,-1.6817992883033976,7,B0005,NASA,70.93583996940914
162,2801.625,3.467864133752208,1.5222131572824282,-1.6750812261110137,6,B0005,NASA,70.63526223741258
163,2802.031,3.464021404592563,1.5633031310169718,-1.675366426273468,5,B0005,NASA,70.64540809828769
164,2793.39,3.4664623858156745,1.5279037945274498,-1.6744879201095209,4,B0005,NASA,70.39452269816358
165,2793.39,3.46850906693551,1.4992272369669615,-1.6674467270234996,3,B0005,NASA,70.09735959063194
166,2792.485,3.466806213058136,1.5163785225580435,-1.6674702882406252,2,B0005,NASA,70.06737941633408
167,2802.016,3.471070722008039,1.506113153630356,-1.6888978346592105,1,B0005,NASA,71.240899846976
168,2820.39,3.475472204020004,1.5465902461390422,-1.6979281889133206,0,B0005,NASA,72.1151533592772
1,3690.234,3.556946061827572,1.70405527083012,-1.990533350635129,107,B0006,NASA,101.09782730690516
2,3672.344,3.56147580138708,1.8257627266055394,-1.990277542145709,106,B0006,NASA,100.59131210974817
3,3651.641,3.5667524696413215,1.737641607785756,-1.9899467848963859,105,B0006,NASA,100.004501809529
4,3631.563,3.5687953371516272,1.6994065041413258,-1.9896009282099438,104,B0006,NASA,100.00243022874447
5,3629.172,3.563970503289941,1.898062103395978,-1.9895483606575701,103,B0006,NASA,99.3688070684304
6,3652.281,3.5735512387791406,1.7539322664045414,-1.9901040351037365,102,B0006,NASA,100.03294878354794
7,3650.828,3.5711391343785897,1.9125257582049837,-1.9900886222380372,101,B0006,NASA,99.99331257251623
8,3572.453,3.5681507462163036,1.8104161010858482,-1.9891170520197212,100,B0006,NASA,97.79231452300924
9,3550.594,3.5692834155812436,1.740349089391025,-1.9892116643905464,99,B0006,NASA,97.76133703600964
10,3551.25,3.563388513484579,1.9904602411382935,-1.989191243247005,98,B0006,NASA,97.21816246067975
11,3530.25,3.566658719765511,1.8369771493712053,-1.9891317699701738,97,B0006,NASA,96.6404039738807
12,3491.016,3.5687035970122842,1.7516939733793508,-1.9887805507702212,96,B0006,NASA,96.101537773713
13,3470.281,3.569207084156356,1.7009466394772228,-1.9887320866401275,95,B0006,NASA,95.53178082357769
14,3470.0,3.5659271296109383,1.8356279313551647,-1.9887200290368634,94,B0006,NASA,94.96602378052837
15,3450.297,3.5612417270649486,1.989039899735908,-1.9887874042287874,93,B0006,NASA,94.42842072991488
16,3429.407,3.557881987836072,2.054917613553044,-1.9885910895930397,92,B0006,NASA,93.83893589413161
17,3409.484,3.56282437243777,1.8076210626570006,-1.9884892463229662,91,B0006,NASA,93.2964945722298
18,3390.422,3.5591953280168633,1.928362889820419,-1.9883474274444874,90,B0006,NASA,92.76458189614578
19,3390.281,3.5580906165580983,1.7659185596697577,-1.9774549866256104,89,B0006,NASA,92.76555253723737
20,3591.734,3.565899462157853,1.9712283313162953,-1.9892347833261184,88,B0006,NASA,98.33058839558154
21,3552.297,3.570814209348872,1.816346508706522,-1.9890474874073771,87,B0006,NASA,97.23401337799251
22,3531.578,3.5666817833633124,1.9585443868180028,-1.988682950523383,86,B0006,NASA,96.65112629822679
23,3492.907,3.5668392745025836,1.8369584531142076,-1.9885447318884866,85,B0006,NASA,95.57977114146958
24,3511.594,3.571051969392875,1.7906334973449836,-1.9885639445355097,84,B0006,NASA,96.6593774960456
25,3431.9370000000054,3.5666308474029793,1.6855625336529365,-1.9880563928902786,83,B0006,NASA,94.4453693836908
26,3431.125,3.5527392240854914,2.034721824280649,-1.9772969675547487,82,B0006,NASA,93.31615652356055
27,3412.406,3.5560959755046615,1.8303940485148225,-1.9771693646864965,81,B0006,NASA,92.80116065639841
28,3410.688,3.5504500858303394,1.8489232773442223,-1.9660385076397233,80,B0006,NASA,92.19111159069143
29,3410.718,3.546007083640312,1.6865438175221992,-1.9445990482746272,79,B0006,NASA,91.65343929472635
30,3392.719,3.554257954720065,1.896021450642814,-1.9769156942357176,78,B0006,NASA,92.25093984892769
31,3470.672,3.555857469677978,1.7556909330161314,-1.9997552547832569,77,B0006,NASA,95.60609576559116
32,3414.109,3.5537306734803207,1.7143625822004598,-1.9884344406296768,76,B0006,NASA,93.49286404269066
33,3395.219,3.5452650003621513,1.7830610338206783,-1.9771310999966942,75,B0006,NASA,92.15397142334223
34,3386.0,3.538408778928339,1.787053957783571,-1.965705768920947,74,B0006,NASA,91.35794958374807
35,3368.187,3.5297688311332673,1.8647414136750218,-1.9542494702422435,73,B0006,NASA,90.32919354120568
36,3368.266,3.5300676840423306,1.8466066896466642,-1.9490605727432448,72,B0006,NASA,90.07772763764092
37,3358.719,3.5248882875629555,1.8035226145208347,-1.9373547119632697,71,B0006,NASA,89.26435240261763
38,3339.5,3.5190926887152725,1.8328861364674314,-1.9312604088713479,70,B0006,NASA,88.46478306733273
39,3331.265,3.5151810230271,1.8326035310557267,-1.925413982519257,69,B0006,NASA,87.96848812537758
40,3321.188,3.514029112834162,1.7915722721959524,-1.9198444871883995,68,B0006,NASA,87.44486353212618
41,3321.844,3.514139684003936,1.743857121588173,-1.908733158939213,67,B0006,NASA,86.93921653720747
42,3311.828,3.509578354212467,1.7931466081680476,-1.90276801874341,66,B0006,NASA,86.4028225711875
43,3327.391,3.5110708693292705,1.8590073501660043,-1.9093247566511207,65,B0006,NASA,87.15703884571522
44,3312.078,3.5159179315855056,1.7806059616693997,-1.9306372167933323,64,B0006,NASA,87.71645861959493
45,3293.172,3.50585340727078,1.7344558520214384,-1.907114151507875,63,B0006,NASA,86.11950941021924
46,3275.328,3.5010379345914444,1.7129857029245086,-1.8953541357988335,62,B0006,NASA,85.1030944160769
47,3265.016,3.497407662636496,1.7148701951867733,-1.8892713805954209,61,B0006,NASA,84.56077686924331
48,3328.937,3.5388872766749144,1.744114167764391,-1.9819359924929794,60,B0006,NASA,90.586483548593
49,3329.266,3.5327430295356828,1.8318389257587864,-1.9653277079992455,59,B0006,NASA,89.812055773149
50,3301.579,3.521214759733266,1.820604252148534,-1.9470636598230844,58,B0006,NASA,88.20432996657345
51,3283.563,3.5093111439506677,1.8340862107981502,-1.9241628426386395,57,B0006,NASA,86.66352132136112
52,3275.125,3.50716091973708,1.7165023311248357,-1.9124470439353747,56,B0006,NASA,85.89193010886589
53,3265.656,3.500928918686389,1.7169851092527009,-1.8950209973545986,55,B0006,NASA,84.84394658338418
54,3266.093,3.4973019898820894,1.7360968781894748,-1.8837082435178907,54,B0006,NASA,84.32174089709102
55,3257.594,3.4929038301187156,1.7102111704533876,-1.8716651994380054,53,B0006,NASA,83.55024796956253
56,3248.593,3.488659224822318,1.716708085283392,-1.8654809345089407,52,B0006,NASA,83.02439697423492
57,3238.766,3.4822930804774015,1.7679860552024875,-1.8592903578575999,51,B0006,NASA,82.49203539752101
58,3240.14,3.477575664197982,1.8073743293190594,-1.848156298789804,50,B0006,NASA,82.01329743958999
59,3230.109,3.4787436506489255,1.7408433179938694,-1.8415742473538441,49,B0006,NASA,81.46760429474459
60,3229.7810000000027,3.4740152461288862,1.7521628967062899,-1.8297533943331723,48,B0006,NASA,80.92444962144677
61,3212.469,3.4718387718772696,1.6871416346748864,-1.8170860697729954,47,B0006,NASA,79.91362357047564
62,3213.219,3.463180130644551,1.8002544966130132,-1.8111560774496664,46,B0006,NASA,79.64911702038457
63,3203.578,3.463469391967206,1.7773227433529568,-1.8113056300795982,45,B0006,NASA,79.42294998960784
64,3195.125,3.46021805164007,1.7620107390495923,-1.803802475704306,44,B0006,NASA,78.85948383292506
65,3195.3129999999946,3.462574876665621,1.740200669621827,-1.7982439953659044,43,B0006,NASA,78.62824723216087
66,3186.297,3.4537077937586056,1.78882759824033,-1.7857963808615818,42,B0006,NASA,77.84173537734435
67,3176.438,3.4514035349888337,1.7895497660226916,-1.7850748194527644,41,B0006,NASA,77.55398851148708
68,3167.593,3.450781146333252,1.74561443919624,-1.7785916660457872,40,B0006,NASA,77.04866146539321
69,3167.719,3.446105572450592,1.812059993040065,-1.7727874712030285,39,B0006,NASA,76.52726059590847
70,3159.077999999994,3.4418152533277144,1.8262615842373404,-1.7601807681971697,38,B0006,NASA,75.76429549116817
71,3148.829,3.445008015985666,1.7463541369113393,-1.7653027883569699,37,B0006,NASA,76.00486132505141
72,3149.094,3.441164687975023,1.7932806807093464,-1.7593486488770236,36,B0006,NASA,75.73165197097809
73,3140.547,3.443620591429828,1.6939542888244117,-1.7526167898737661,35,B0006,NASA,75.22960521189638
74,3131.625,3.439943269617906,1.7328901077305314,-1.7516949849801624,34,B0006,NASA,74.97341096882995
75,3121.907,3.43602719305159,1.7720484044504423,-1.7510429704034998,33,B0006,NASA,74.70548053268203
76,3122.125,3.436309312279291,1.7211240245479327,-1.7388746112390865,32,B0006,NASA,74.1850625162277
77,3121.672,3.430470227771154,1.8040200540386206,-1.738622547139575,31,B0006,NASA,73.8926035041349
78,3120.86,3.4417311090871063,1.8054929799717243,-1.7870762809520677,30,B0006,NASA,76.01134787955061
79,3103.828,3.4355429213552537,1.732574814002405,-1.7612682208672186,29,B0006,NASA,74.70938348003224
80,3095.094,3.4272336842373576,1.8192881766157778,-1.7545532300777185,28,B0006,NASA,73.9485859408333
81,3095.781,3.4307536518687556,1.7005364320478633,-1.7364250156958492,27,B0006,NASA,73.42795976110767
82,3094.328,3.430880434209888,1.7217852940150071,-1.7371686757879778,26,B0006,NASA,73.43700259983072
83,3086.531,3.431984614031654,1.703519776154892,-1.7358183569582517,25,B0006,NASA,73.17646990545703
84,3085.625,3.426913589626702,1.761074399766561,-1.7297302660430056,24,B0006,NASA,72.89342548686626
85,3067.203,3.4220422356705154,1.787589290161291,-1.7278671098991139,23,B0006,NASA,72.10428651796815
86,3058.157,3.4202687142856667,1.7720009648955242,-1.7269073147637581,22,B0006,NASA,72.11891502564038
87,3058.812,3.4248208106770663,1.691034444607138,-1.7211995934038338,21,B0006,NASA,71.88171962295064
88,3058.578,3.4234990883192666,1.7377443532779853,-1.721141114732718,20,B0006,NASA,71.86708353706993
89,3049.328,3.4247420964314874,1.6989720123714163,-1.7200547727480755,19,B0006,NASA,71.60980529407075
90,3177.219,3.450702139255875,1.7434989142225188,-1.8210481343824243,18,B0006,NASA,79.15549223552294
91,3082.937,3.4480475429907522,1.708870376058047,-1.821445703423604,17,B0006,NASA,76.81118547119476
92,3074.266,3.4399481891896455,1.7305794746553742,-1.7899159936953069,16,B0006,NASA,75.2373684900866
93,3066.0,3.434112914501242,1.7640450814729411,-1.7769345930773324,15,B0006,NASA,74.45618906256053
94,3056.437,3.4325600940363916,1.71330115066649,-1.7640032117743045,14,B0006,NASA,73.66802831800946
95,3048.219,3.4270614887575657,1.7698804345155086,-1.7571701008871028,13,B0006,NASA,73.164133428993
96,3039.218,3.427340316812041,1.7271370632022185,-1.7502670210777267,12,B0006,NASA,72.65718619287797
97,3039.047,3.423482197888437,1.7817687880067057,-1.7439614243216512,11,B0006,NASA,72.11457852451625
98,3030.375,3.4220957701069374,1.7729437661043388,-1.736850855663561,10,B0006,NASA,71.86774187214675
99,3021.0,3.421883545422636,1.752435473388711,-1.7360045229798653,9,B0006,NASA,71.59521218930152
100,3021.75,3.4195777411151886,1.7841633529964165,-1.729690117077797,8,B0006,NASA,71.09007241513353
101,3012.265,3.4175281789596474,1.801654549001348,-1.7287954627467013,7,B0006,NASA,70.8324758055091
102,3002.641,3.4197860540725715,1.7216512837123048,-1.7216729981632184,6,B0006,NASA,70.55744254048858
103,3012.0,3.4171369298988705,1.7713058970844293,-1.7228162229694663,5,B0006,NASA,70.5680211858577
104,3020.11,3.4305347141293625,1.715596833376423,-1.7486639022205694,4,B0006,NASA,72.13540749235146
105,3002.172000000006,3.4250844180972875,1.7141804070368631,-1.7345160724760178,3,B0006,NASA,71.10730277743163
106,2992.703,3.4171339862792935,1.8102999763997984,-1.7271570233190525,2,B0006,NASA,70.28564631213753
107,2964.468,3.417521467040602,1.7327537227384928,-1.7305179027385762,1,B0006,NASA,70.02315343045362
108,2983.375,3.4181623236680356,1.722804457485939,-1.7141443638380731,0,B0006,NASA,69.78404419806472
1,3690.234,3.522006703394617,2.0535216668707448,-1.8691188840185695,167,B0007,NASA,100.56411828002005
2,3672.344,3.5319490434317116,2.0874936510691033,-1.8680422715350309,166,B0007,NASA,100.01024559450569
3,3651.641,3.5344025220217845,2.1731715612943026,-1.877784734502072,165,B0007,NASA,100.01160931548343
4,3631.563,3.53492504932652,2.2757252880959973,-1.8875256535871228,164,B0007,NASA,100.01736483179761
5,3629.172,3.534536640068787,2.3273051790819674,-1.8871559747738404,163,B0007,NASA,99.94716716046948
6,3652.281,3.5411626672196816,2.0222812865253035,-1.8675154082122565,162,B0007,NASA,100.0136130977438
7,3650.828,3.541165612176161,2.086234746102435,-1.8673304059806155,161,B0007,NASA,99.97292594052816
8,3572.453,3.5494581176357975,2.1731220773429025,-1.9063154499484403,160,B0007,NASA,100.05660616402082
9,3550.594,3.5502805464079743,2.2486223869562063,-1.9164259300038171,159,B0007,NASA,99.42813634138894
10,3551.25,3.5481347674910286,2.330132971487676,-1.9165016044519978,158,B0007,NASA,99.44736547187257
11,3530.25,3.5484272148956437,2.409210736352164,-1.926771167846017,157,B0007,NASA,99.44693255715875
12,3491.016,3.5560433603714667,2.2886091187204896,-1.936979366983281,156,B0007,NASA,98.8942791080194
13,3470.281,3.5604849642800684,2.2903628968258856,-1.947065774665518,155,B0007,NASA,98.86358196530328
14,3470.0,3.5562872542469752,2.411229352353134,-1.946961601670498,154,B0007,NASA,98.8600616104058
15,3450.297,3.5647746218187324,2.06312198604744,-1.946851050742258,153,B0007,NASA,98.87887636139604
16,3429.407,3.565438928797127,2.185737256628491,-1.9574063719005568,152,B0007,NASA,98.84554840725541
17,3409.484,3.565961679108638,2.341455205091645,-1.9680136940585706,151,B0007,NASA,98.26492746779671
18,3390.422,3.572496559005355,2.032761615003503,-1.9680499927642312,150,B0007,NASA,98.30257815849218
19,3390.281,3.5699492020415136,2.171177106457403,-1.9680218912213907,149,B0007,NASA,98.29479596794211
20,3591.734,3.5464338449590023,2.2909507930482382,-1.9066656790606797,148,B0007,NASA,100.01787762429558
21,3552.297,3.5531968089006387,2.4017612569424878,-1.9267118604677658,147,B0007,NASA,100.05465701518118
22,3531.578,3.5599340214678805,2.0912192348787837,-1.9260915660103672,146,B0007,NASA,100.03462300476872
23,3492.907,3.5595604968237993,2.3508816004234374,-1.9468340181835688,145,B0007,NASA,99.49823562025954
24,3511.594,3.552385161941813,2.459611638539711,-1.9364196896718646,144,B0007,NASA,99.45518995515316
25,3431.9370000000054,3.5707670304281067,2.1464809917592067,-1.9675984733558025,143,B0007,NASA,99.48029152660887
26,3431.125,3.5657224847439295,2.371087636611832,-1.9680130544442065,142,B0007,NASA,98.8921820305757
27,3412.406,3.5712835067487094,2.0619113080259366,-1.9675572757550353,141,B0007,NASA,98.91459403723631
28,3410.688,3.5679716274891398,2.2262375552911124,-1.967618505240168,140,B0007,NASA,98.86840289122614
29,3410.718,3.5646314038791784,2.383809492377999,-1.9678214300979182,139,B0007,NASA,98.28207908162213
30,3392.719,3.568983888921194,2.1476964709728223,-1.9675056354779956,138,B0007,NASA,98.33854893885959
31,3470.672,3.564620688944316,2.0249700979985508,-1.9683447778186904,137,B0007,NASA,100.16078001929057
32,3414.109,3.5694388142217837,2.0854077922340726,-1.9788067754387157,136,B0007,NASA,99.06281443259296
33,3395.219,3.568742147335628,2.039252147995865,-1.9785908218423578,135,B0007,NASA,98.49188171380798
34,3386.0,3.5642424070467817,2.157094308665608,-1.9784335668087778,134,B0007,NASA,98.21883057083893
35,3368.187,3.5653038098527605,2.0670448411174203,-1.9781601679702336,133,B0007,NASA,97.68055175545118
36,3368.266,3.565432167703823,2.159451980535615,-1.9783765899690637,132,B0007,NASA,97.6982885630069
37,3358.719,3.5622303163451425,2.2241783284873744,-1.9780771457931066,131,B0007,NASA,97.40635205599976
38,3339.5,3.564481026852489,2.044681749800497,-1.9780971417908424,130,B0007,NASA,96.84663524458503
39,3331.265,3.561614556780574,2.1102333625760337,-1.977978349880126,129,B0007,NASA,96.59983168545355
40,3321.188,3.5630587459190144,2.049857092765188,-1.9784334957218421,128,B0007,NASA,96.3273146433922
41,3321.844,3.5629534367704405,2.1494569139587627,-1.9782873833989176,127,B0007,NASA,96.33923061642896
42,3311.828,3.563446012076242,2.1235716100971787,-1.9781961432676651,126,B0007,NASA,96.04404837431726
43,3327.391,3.563998342345823,2.1201749718748406,-1.9670969462670498,125,B0007,NASA,96.424239741677
44,3312.078,3.5604902283110547,2.137042276176981,-1.9781214643703728,124,B0007,NASA,96.05517863036262
45,3293.172,3.5567002097886946,2.164852531961794,-1.9780364457328714,123,B0007,NASA,95.50035398185963
46,3275.328,3.5584127263446006,2.0396337754393175,-1.977935781469453,122,B0007,NASA,94.97144894557081
47,3265.016,3.556136820956992,2.0951591703878947,-1.9780170042003,121,B0007,NASA,94.67585925984129
48,3328.937,3.568999942180493,2.0109890683551264,-1.9779140108313502,120,B0007,NASA,96.52376447598998
49,3329.266,3.571059290544873,2.026072113004971,-1.978162017642311,119,B0007,NASA,96.5570983803957
50,3301.579,3.5666921284622095,2.0226713420067624,-1.9779553399945098,118,B0007,NASA,95.73498962957065
51,3283.563,3.563327431073248,2.0746470199015623,-1.9779914337720734,117,B0007,NASA,95.21407034968391
52,3275.125,3.5590146214829015,2.0466795888535465,-1.9721889844228178,116,B0007,NASA,94.6767192613472
53,3265.656,3.5566945836342914,2.1361404432973816,-1.9723254573804139,115,B0007,NASA,94.41006618738788
54,3266.093,3.555013984911923,2.1407140362138213,-1.9668382736785281,114,B0007,NASA,94.1406726218104
55,3257.594,3.5526373754067415,2.0595440081827356,-1.960929600351624,113,B0007,NASA,93.59920956080795
56,3248.593,3.547186025484395,2.208369386993745,-1.9607588424014128,112,B0007,NASA,93.04436898637739
57,3238.766,3.546814755244375,2.1689125502782156,-1.9607439129501683,111,B0007,NASA,93.04450095101662
58,3240.14,3.5447850172972655,2.1810314956789814,-1.9550964299704847,110,B0007,NASA,92.79874330294754
59,3230.109,3.5465215420964156,2.1234942151909117,-1.955058998571939,109,B0007,NASA,92.51248151364643
60,3229.7810000000027,3.540832547654255,2.2097550764997553,-1.9491545130405272,108,B0007,NASA,91.92317837002588
61,3212.469,3.542992511358393,2.06272222276156,-1.9485230174751031,107,B0007,NASA,91.67515703686497
62,3213.219,3.5360811169860216,2.195949377907356,-1.9431227050969846,106,B0007,NASA,91.1475452061373
63,3203.578,3.5392436935272635,2.0810389703318704,-1.9430080085541772,105,B0007,NASA,91.14708372223383
64,3195.125,3.5348237062932575,2.1894922049234804,-1.9425165961920092,104,B0007,NASA,90.5983792495715
65,3195.3129999999946,3.5366477402090606,2.129865009024296,-1.9370190075205085,103,B0007,NASA,90.61761034627962
66,3186.297,3.5352062840980913,2.0134088960033436,-1.9310192096578356,102,B0007,NASA,90.06230906226403
67,3176.438,3.5329852237553396,2.0280491195223105,-1.9304738354803441,101,B0007,NASA,89.74781534701958
68,3167.593,3.532158560934324,2.0242158345073777,-1.9305510314753316,100,B0007,NASA,89.50408036528863
69,3167.719,3.5308376380023527,2.0108467050012298,-1.9247195409983122,99,B0007,NASA,89.2303460527175
70,3159.077999999994,3.5296958440720005,2.0275085540258124,-1.9245739020356052,98,B0007,NASA,88.97928908480898
71,3148.829,3.5281819372126093,2.0189203469348356,-1.9243785304854075,97,B0007,NASA,88.67248358294707
72,3149.094,3.5265730179666974,2.00947172416304,-1.9184028799161776,96,B0007,NASA,88.39752422467353
73,3140.547,3.5245022548553444,2.0459000607155535,-1.9181664471622712,95,B0007,NASA,88.14003420898291
74,3131.625,3.5228548406546385,2.063059385797611,-1.9180994998619483,94,B0007,NASA,87.88022212740515
75,3121.907,3.5222829121237855,2.0373129557395773,-1.9179522150901998,93,B0007,NASA,87.5972452805229
76,3122.125,3.5189923820688493,2.0833244328286327,-1.9116539768893375,92,B0007,NASA,87.02271184211264
77,3121.672,3.5177844279570794,2.0669101691895704,-1.9115865510736891,91,B0007,NASA,87.01429628417833
78,3120.86,3.5212226057273495,2.1008085955359563,-1.917648718820213,90,B0007,NASA,87.2729451495267
79,3103.828,3.5172227884430147,2.015247849052284,-1.9111337702474194,89,B0007,NASA,86.76513431340143
80,3095.094,3.5125010864221813,2.101005380333681,-1.9108556098369367,88,B0007,NASA,86.21437109108413
81,3095.781,3.5129614635074673,2.0605195311045663,-1.9049762303506044,87,B0007,NASA,85.95985882791123
82,3094.328,3.5125204100391962,2.110158982768479,-1.9051068520548522,86,B0007,NASA,85.92774879447789
83,3086.531,3.5151454557578807,2.0353196226239936,-1.9049079394753692,85,B0007,NASA,85.97564545936953
84,3085.625,3.513443179473182,2.017304899314125,-1.898761620917719,84,B0007,NASA,85.66409176312696
85,3067.203,3.5097089402574535,2.0885713866766142,-1.90433828068926,83,B0007,NASA,85.12138764849813
86,3058.157,3.5042771471756997,2.1726943980914237,-1.904192698545851,82,B0007,NASA,84.86916594927142
87,3058.812,3.509207943122176,2.006442165930091,-1.8982712229514884,81,B0007,NASA,84.88514638726011
88,3058.578,3.5095064920492853,2.0394106552006352,-1.8977934870545983,80,B0007,NASA,84.86326642683753
89,3049.328,3.505203266169396,2.192106247275911,-1.9036436467205253,79,B0007,NASA,84.58909031126947
90,3177.219,3.5281182345919753,2.0890570734620977,-1.936992342648715,78,B0007,NASA,89.8096826279373
91,3082.937,3.519590928396835,2.1076363412420065,-1.9233409193548265,77,B0007,NASA,86.4685953093119
92,3074.266,3.5146260368096875,2.164390318202902,-1.916884219356136,76,B0007,NASA,85.92348789305888
93,3066.0,3.5115494818370454,2.1513270281156283,-1.910472150518363,75,B0007,NASA,85.3874066356519
94,3056.437,3.510769869032659,2.0590503835173584,-1.904277326283454,74,B0007,NASA,84.81903117444439
95,3048.219,3.50804494279531,2.10856194587308,-1.904002494100001,73,B0007,NASA,84.57629874639495
96,3039.218,3.507748080950393,2.092246354540121,-1.9036546380501311,72,B0007,NASA,84.3072911818758
97,3039.047,3.5066673521067266,2.071681333788556,-1.8977146678452774,71,B0007,NASA,84.02129539945706
98,3030.375,3.5061843921745397,2.063240863253716,-1.8973347377958825,70,B0007,NASA,83.76842069149006
99,3021.0,3.5051004339266254,2.057421103527013,-1.8970045774163773,69,B0007,NASA,83.48018765573153
100,3021.75,3.5054479186890566,2.002092549699041,-1.8909127399289274,68,B0007,NASA,83.50454641660197
101,3012.265,3.500074246846,2.1757433808763715,-1.8968789299198896,67,B0007,NASA,83.23829745019638
102,3002.641,3.5011647157526498,2.1140600646528624,-1.8964710309338209,66,B0007,NASA,82.93964780903332
103,3012.0,3.500407285435189,2.1098458953385615,-1.8967768141795405,65,B0007,NASA,83.22405504158196
104,3020.11,3.507816455272743,2.146421606246681,-1.9031485600103595,64,B0007,NASA,83.75570844698083
105,3002.172000000006,3.5025243992110107,2.1937871545340317,-1.9028574663381217,63,B0007,NASA,83.23995891751707
106,2992.703,3.505155823274424,2.0112269389896067,-1.8963219640753084,62,B0007,NASA,82.9461124463947
107,2964.468,3.4983646475135717,2.1914301965624947,-1.908430732943726,61,B0007,NASA,82.42188466368549
108,2983.375,3.500140843862167,2.0362236695164557,-1.889754408573026,60,B0007,NASA,82.10171924703657
109,2975.297,3.49909547013937,2.1368782296904767,-1.8959167588975119,59,B0007,NASA,82.16242807500107
110,2974.9850000000006,3.5010357611640615,2.0309764421524514,-1.889387844169526,58,B0007,NASA,82.13984120848026
111,2966.25,3.497212315865497,2.080060022852454,-1.8889185963670394,57,B0007,NASA,81.59287776590588
112,2956.359,3.496089957852059,2.064101817528791,-1.8885071150010755,56,B0007,NASA,81.29782634171278
113,2956.344,3.495877119417779,2.1079342381107935,-1.8888180820733198,55,B0007,NASA,81.30663439927729
114,2956.406,3.493116071455022,2.204723658652343,-1.8887930414931369,54,B0007,NASA,81.31544216930351
115,2947.266,3.492655946458748,2.1696413313021736,-1.888168080257056,53,B0007,NASA,81.03967130558816
116,2937.984,3.49208824531703,2.124794591268852,-1.887904907597145,52,B0007,NASA,80.76109935453165
117,2929.125,3.490216477408044,2.121016309200457,-1.8877303662432205,51,B0007,NASA,80.49417759067434
118,2928.454,3.4905931958620466,2.142454708615007,-1.8878077163294114,50,B0007,NASA,80.49187982953892
119,2929.375,3.4911419366203664,2.17618204290477,-1.887674933393443,49,B0007,NASA,80.51006930487054
120,2946.031,3.49283645226053,2.185810305574789,-1.901022727285377,48,B0007,NASA,81.57433146554713
121,2955.438,3.5025157522808223,2.0066755493944433,-1.8951144121477894,47,B0007,NASA,81.84965790677794
122,2937.625,3.492953565598811,2.171053972080911,-1.8941478117057606,46,B0007,NASA,81.02472084028929
123,2929.078,3.4917462636517236,2.0838857461144293,-1.8875042014728922,45,B0007,NASA,80.49061869337183
124,2918.375,3.490432264232956,2.0697724246435194,-1.8871434043422721,44,B0007,NASA,80.1823815191134
125,2919.812,3.488861416967918,2.071581845418992,-1.8807630082774924,43,B0007,NASA,79.9383430638145
126,2900.422,3.4891932104785104,2.035927694229979,-1.886419275237733,42,B0007,NASA,79.65255912868619
127,2901.375,3.4878785713375917,2.0259635153783946,-1.8800039366336023,41,B0007,NASA,79.38807243826932
128,2901.187,3.486430546073901,2.007254032188285,-1.8733366537372407,40,B0007,NASA,79.36498508856758
129,2891.64,3.4812572775226682,2.1706035627474987,-1.879702248133121,39,B0007,NASA,79.10272721905645
130,2882.906,3.4823550791204023,2.1043418976682737,-1.8790751470067306,38,B0007,NASA,78.83961771208007
131,2883.265,3.4835074286280525,2.022154152151936,-1.8728728303565048,37,B0007,NASA,78.85303388047014
132,2882.969,3.478976541530706,2.144185465787256,-1.8726786421400121,36,B0007,NASA,78.54373185823806
133,2891.656,3.483501191305966,2.041826363495428,-1.872734820116884,35,B0007,NASA,78.8059239087173
134,2901.25,3.4899701994096612,2.03400217907334,-1.8800362373714223,34,B0007,NASA,79.66928709967816
135,2891.703,3.484801138956006,2.0853059508869465,-1.8730214281226414,33,B0007,NASA,78.81528159187117
136,2883.016,3.47835437960934,2.190662417271853,-1.8725486136074456,32,B0007,NASA,78.55140831540129
137,2873.453,3.475694933923807,2.1962794238244543,-1.8724613181992062,31,B0007,NASA,78.28347946467915
138,2874.031,3.481431873453954,2.026854428600689,-1.8659419458758726,30,B0007,NASA,78.29255898619994
139,2874.234,3.4796060336232353,2.1128874004570437,-1.865786095147701,29,B0007,NASA,78.01404256069343
140,2864.984,3.4782258967329596,2.0896052904963542,-1.8654605849037513,28,B0007,NASA,77.73520327187575
141,2855.093,3.4743233868367187,2.1274428485013535,-1.865134613881632,27,B0007,NASA,77.46548072230088
142,2855.625,3.4737305453330443,2.0741813147462906,-1.858515986418667,26,B0007,NASA,77.18148964075327
143,2855.594,3.47481272321405,2.0852179011323746,-1.8588972649148483,25,B0007,NASA,77.19536686590698
144,2847.437,3.476096426841386,2.0261153385027337,-1.8581969672334215,24,B0007,NASA,76.94011905696414
145,2847.36,3.4686822529487804,2.2056880044282647,-1.8581200056254086,23,B0007,NASA,76.93697764839123
146,2837.328,3.4661964701943586,2.1961727530060955,-1.8577209868352302,22,B0007,NASA,76.65101797139491
147,2837.281,3.468183423895935,2.0832360612489116,-1.8512458354075154,21,B0007,NASA,76.37799086038493
148,2838.515,3.4678606629897453,2.1474230042579974,-1.8514531972432,20,B0007,NASA,76.40829168620438
149,2828.328,3.4662499547181245,2.196865016450207,-1.8574211435317929,19,B0007,NASA,76.38059074401335
150,2838.265,3.462469269360201,2.2033917658510607,-1.857823928669184,18,B0007,NASA,76.67642597877975
151,2864.547,3.480518309485383,2.0118585009115764,-1.8658259561850365,17,B0007,NASA,78.02444867822378
152,2846.39,3.4723137993738336,2.165925085746109,-1.8647784241320742,16,B0007,NASA,77.20856111574143
153,2837.969,3.474362108592906,2.0082843679538582,-1.8578958465335809,15,B0007,NASA,76.95723426991458
154,2838.156,3.4722823212388754,2.0159578890871734,-1.8511947629213035,14,B0007,NASA,76.67286591464547
155,2829.843,3.4701761898320465,2.032910263790761,-1.8509042611451945,13,B0007,NASA,76.13258730601014
156,2829.625,3.4635011119445216,2.211955253112291,-1.850858274670624,12,B0007,NASA,76.14202534414424
157,2819.437,3.467453100453348,2.0682307477918744,-1.8504182940365097,11,B0007,NASA,75.84676712964588
158,2819.579,3.4675864728547845,2.0101972931476206,-1.8436892876926974,10,B0007,NASA,75.83780618289663
159,2810.672,3.462182535852444,2.166807077585145,-1.8498733070449755,9,B0007,NASA,75.58124970193063
160,2811.485,3.465962999117946,2.030366739322249,-1.8432877207292044,8,B0007,NASA,75.31875450581751
161,2802.422,3.4601727514874407,2.2068823513811733,-1.8494580225090995,7,B0007,NASA,75.33209752424236
162,2801.625,3.464226115253961,2.045786358919928,-1.8426221358637018,6,B0007,NASA,75.02695635219094
163,2802.031,3.458799193390812,2.188793725046823,-1.8427098003104345,5,B0007,NASA,75.03518791145136
164,2793.39,3.4620805499710854,2.066674960068622,-1.842239518040086,4,B0007,NASA,74.77867759480897
165,2793.39,3.4578782949034514,2.1875186419978756,-1.842252843487983,3,B0007,NASA,74.78742121586333
166,2792.485,3.461590937144894,2.0373760928328593,-1.8356063485512333,2,B0007,NASA,74.47469683155558
167,2802.016,3.462906230864041,2.1745319355562387,-1.8561013515700384,1,B0007,NASA,75.60907044537234
168,2820.39,3.4753580425264796,2.031859609160633,-1.8574370794605966,0,B0007,NASA,76.17642397391603
1,3434.891,3.5275462263272543,1.71603509918699,-1.9541761960216968,131,B0018,NASA,101.09346935595256
2,3425.485,3.534835576186522,1.7752653589496945,-1.9474374301153292,130,B0018,NASA,100.44990667860382
3,3410.375,3.538246596159443,1.7944152419923185,-1.9520511323479741,129,B0018,NASA,100.25405889905986
4,3404.719,3.537697945111872,1.7889271868227192,-1.9460914562122762,128,B0018,NASA,99.767490516931
5,3417.641,3.542667604586918,1.8047626944181947,-1.9412796601390512,127,B0018,NASA,99.87793567754969
6,3411.766,3.5451037330477333,1.8188325112183206,-1.9400338819083036,126,B0018,NASA,99.65060822785564
7,3399.516,3.5475142438631493,1.6938749477000208,-1.9335667184847714,125,B0018,NASA,99.25126574369874
8,3388.75,3.544812433691423,1.752851826737099,-1.9332161326561408,124,B0018,NASA,98.92258039811114
9,3380.406,3.5434780274164095,1.7732968500095936,-1.9325959489970461,123,B0018,NASA,98.33008372446558
10,3404.141,3.543133206790044,1.8143618339177041,-1.9387520938161948,122,B0018,NASA,99.35475908408601
11,3396.141,3.545155146280937,1.8019506832037364,-1.9319248326301843,121,B0018,NASA,98.75665352341841
12,3384.094,3.545032366549762,1.7579734542585057,-1.9249594896453863,120,B0018,NASA,98.35153326025426
13,3370.656,3.5440892170496827,1.6922097523450859,-1.9179528942264992,119,B0018,NASA,97.59688796833471
14,3357.797,3.541317108618481,1.7095857448056746,-1.917373033348097,118,B0018,NASA,97.19504230101262
15,3363.015,3.541197979542517,1.8076938007030456,-1.9180652422275581,117,B0018,NASA,97.05704812728025
16,3357.734,3.541255460524434,1.8173839574796742,-1.9106033469326071,116,B0018,NASA,96.52680883967739
17,3344.187,3.5427478949705886,1.782065707159712,-1.909404549449075,115,B0018,NASA,96.38627890506025
18,3339.969,3.541251093602656,1.6933833864123105,-1.8960567702455413,114,B0018,NASA,95.56881787831036
19,3327.641,3.5350260562177453,1.7676460098719655,-1.8948411660605735,113,B0018,NASA,95.1649497140374
20,3312.844,3.5326627624319777,1.8322725042402719,-1.90021436299665,112,B0018,NASA,94.69872150653804
21,3302.031,3.5333109441755526,1.744887624366767,-1.8936767267608487,111,B0018,NASA,94.36366640333264
22,3305.547,3.52738705832889,1.805024202538052,-1.8739718829459886,110,B0018,NASA,93.11448746967976
23,3289.562,3.5296025965720452,1.7511534013949173,-1.8791764961687347,109,B0018,NASA,93.27116657630762
24,3283.797,3.5289707694229833,1.7211658426752647,-1.8780560689384003,108,B0018,NASA,93.0549295489065
25,3325.235,3.5322741848919814,1.7766879059917997,-1.8993718818269214,107,B0018,NASA,95.32944908575648
26,3317.547,3.532438322521663,1.8403736461777203,-1.8926958551018211,106,B0018,NASA,94.43195425938386
27,3311.766,3.5363211310943603,1.698681017097531,-1.8783667048362822,105,B0018,NASA,93.85763674310876
28,3305.218,3.533535274219931,1.7245404191639437,-1.870834339681941,104,B0018,NASA,93.2916763430378
29,3295.453,3.527012841842043,1.8245570777042954,-1.8696567234639716,103,B0018,NASA,92.60617906455373
30,3287.0,3.52925730014011,1.7111537217050565,-1.8623726014599724,102,B0018,NASA,92.32109120542171
31,3276.922,3.527821497534469,1.697870381701874,-1.8547843408980225,101,B0018,NASA,91.65981966767791
32,3268.687,3.525692957415014,1.7561286713113469,-1.8538766950740675,100,B0018,NASA,91.39138331576675
33,3260.594,3.5243962482347273,1.7456589057276806,-1.845735037450336,99,B0018,NASA,90.76715957505317
34,3258.812,3.520797576383474,1.7480267084049026,-1.8382538558498933,98,B0018,NASA,90.31316800034467
35,3243.422,3.519457281260753,1.7744411846086963,-1.8435676915974055,97,B0018,NASA,89.82441621635199
36,3236.515,3.513165600287965,1.8665704659490947,-1.83704467002657,96,B0018,NASA,89.30919470184173
37,3230.734,3.517217159454334,1.689755668738544,-1.8211904293154166,95,B0018,NASA,88.70310082479727
38,3222.093,3.5120091114107965,1.8395028188368303,-1.8270453339799269,94,B0018,NASA,88.4036366236981
39,3220.344,3.50911052654104,1.8524618873002523,-1.819052179250902,93,B0018,NASA,87.95964111630082
40,3250.75,3.516106699716392,1.8719779713389029,-1.8693745969498121,92,B0018,NASA,91.3409486206908
41,3239.344,3.519010068254593,1.694191729706919,-1.839770443871628,91,B0018,NASA,89.88308227707108
42,3222.25,3.5124212742229295,1.8165381718900973,-1.837963396328485,90,B0018,NASA,88.96110932075169
43,3206.157,3.50815215295169,1.832483486911281,-1.8296109578903785,89,B0018,NASA,88.09094354784558
44,3197.969,3.508648568515266,1.7243215551863322,-1.8210831511954937,88,B0018,NASA,87.79049045207876
45,3181.625,3.5051993439595477,1.7691202407256643,-1.8199201144788144,87,B0018,NASA,86.94910226841812
46,3302.36,3.523165280193865,1.846225549313135,-1.8951156248467713,86,B0018,NASA,94.10157426816592
47,3285.812,3.527269876472835,1.8140242020798545,-1.8867694858233446,85,B0018,NASA,93.54896501308312
48,3260.016,3.526762654741574,1.7749558501253637,-1.8786631828974334,84,B0018,NASA,92.41847385311067
49,3240.031,3.523020179476104,1.8049067367728373,-1.8704748023295987,83,B0018,NASA,91.4350499876883
50,3232.265,3.519792345798265,1.7889599695424887,-1.8562833971202242,82,B0018,NASA,90.50206966294365
51,3232.031,3.5251014582287223,1.7331163359529325,-1.8625354754370638,81,B0018,NASA,90.81555335512553
52,3209.5149999999994,3.518519199837846,1.865536233060654,-1.8606833274060013,80,B0018,NASA,89.74863509664308
53,3196.125,3.5190801794284594,1.6987248025976438,-1.8383636766891702,79,B0018,NASA,88.60038913755993
54,3172.562,3.5114167272902406,1.8571948880344378,-1.8436958588115397,78,B0018,NASA,87.8588797919439
55,3172.735,3.5108038681605738,1.7997576885631927,-1.8362729789790888,77,B0018,NASA,87.50894689153282
56,3238.109,3.51432611790755,1.704869582952997,-1.864690278795044,76,B0018,NASA,91.20981078816413
57,3191.063,3.5196664048265607,1.7232651225715556,-1.8572649157581866,75,B0018,NASA,89.39991741885332
58,3165.828,3.512403849382274,1.8139851983714648,-1.8483454421357695,74,B0018,NASA,87.91924092344003
59,3140.407,3.5077862234460104,1.8142421803559303,-1.839168422289249,73,B0018,NASA,86.76558472151322
60,3131.922,3.5076596102713244,1.7229510989834993,-1.8303326102702338,72,B0018,NASA,86.4661062450123
61,3121.109,3.5074833565874615,1.714030986790628,-1.829290599843924,71,B0018,NASA,86.11053423795245
62,3105.265,3.5023865933440717,1.8106524048865191,-1.8278449003095165,70,B0018,NASA,85.24383812892184
63,3091.25,3.503693493885047,1.711273464145569,-1.8188198987741453,69,B0018,NASA,84.7776090931197
64,3076.703,3.4989948462048113,1.767665869247523,-1.817194042260449,68,B0018,NASA,83.9375955661234
65,3062.328,3.495405576723954,1.771065566864093,-1.8157980815469454,67,B0018,NASA,83.49925827955154
66,3050.563,3.494528300232307,1.7921467135260052,-1.822108117298183,66,B0018,NASA,83.46993518329069
67,3034.672,3.4962554827793926,1.6915451105252846,-1.8129628028687814,65,B0018,NASA,82.95963810433929
68,3031.25,3.48769646191346,1.8141840100224336,-1.8044876731207795,64,B0018,NASA,82.10223228879701
69,3011.343,3.486547580844067,1.820151959697883,-1.809986175960184,63,B0018,NASA,81.82403480044407
70,3003.0,3.482298183882304,1.8543269362851227,-1.8090400456598725,62,B0018,NASA,81.5478108440274
71,3045.187,3.491819481711868,1.7816088399593357,-1.8273691233501441,61,B0018,NASA,83.56819232783536
72,3028.469,3.493995853241935,1.716845379601807,-1.8180385592622932,60,B0018,NASA,83.04605359613181
73,3012.937,3.484377015629623,1.8425384332358927,-1.8085351614741645,59,B0018,NASA,81.81150816603582
74,2998.875,3.4859116793558376,1.7681326696474575,-1.8068041184926535,58,B0018,NASA,81.33332207228304
75,2983.547,3.4842787539766786,1.7490193426983178,-1.8050190987020625,57,B0018,NASA,80.83772987632027
76,2966.86,3.482988652120672,1.7578257886092317,-1.8118563821702207,56,B0018,NASA,80.6967894264462
77,2954.797,3.483799876979844,1.6966827725946594,-1.8021525551783737,55,B0018,NASA,80.30277664216648
78,2945.735,3.4787540756450497,1.820824140667351,-1.8092953592546854,54,B0018,NASA,80.00366627988487
79,2941.375,3.4752194351784507,1.834928314651843,-1.8000309691416814,53,B0018,NASA,79.46267150737098
80,2923.953,3.470739535801023,1.8216302872247914,-1.7981302589297092,52,B0018,NASA,78.90536408889788
81,2921.031,3.474600910003521,1.7725676155452614,-1.8058248446047425,51,B0018,NASA,79.17320820518833
82,2902.75,3.4740521567700093,1.7152677536902896,-1.795955865281378,50,B0018,NASA,78.61486617620767
83,2897.875,3.475075728648004,1.7048904659871154,-1.7951057003644757,49,B0018,NASA,78.43696669699095
84,2892.094,3.472424307596416,1.7538644125215614,-1.7940097981352856,48,B0018,NASA,77.85799847730871
85,2886.921,3.471751102262539,1.6880544539263673,-1.7841592631620102,47,B0018,NASA,77.65391043303025
86,2942.531,3.4745407296058963,1.8125186938115148,-1.8136320536623207,46,B0018,NASA,80.1013396191816
87,2912.469,3.471720060423485,1.8287368487898967,-1.8109604460875317,45,B0018,NASA,79.16236792443493
88,2895.594,3.471398409828823,1.7465094697339927,-1.800802328247715,44,B0018,NASA,78.63113714186686
89,2884.406,3.4626491088970703,1.8757755159407377,-1.798647877727257,43,B0018,NASA,77.84320184206203
90,2873.766,3.466072725920186,1.6880240150097285,-1.7804067367547436,42,B0018,NASA,77.13902218103613
91,2893.375,3.4730670533412877,1.752361717915425,-1.8167125180994765,41,B0018,NASA,79.2710747463162
92,2884.9839999999967,3.4668548162926327,1.8100841362269575,-1.7981268087177564,40,B0018,NASA,77.84003530909098
93,2870.234,3.46527367520258,1.8147160387718837,-1.7964439222994821,39,B0018,NASA,77.37052314841584
94,2864.11,3.4638878223448684,1.8259645257004555,-1.795371462470329,38,B0018,NASA,77.14479232026521
95,2846.64,3.457807923440064,1.8666601489553867,-1.7937175263130196,37,B0018,NASA,76.60632089690336
96,2839.532,3.459813554486507,1.8494560498166335,-1.8014517734888207,36,B0018,NASA,76.75706542676402
97,2832.703,3.458027727779737,1.8342710671470952,-1.7915215753378781,35,B0018,NASA,76.12536473133542
98,2827.077999999994,3.4613996718507845,1.7224840784505644,-1.7816941240706174,34,B0018,NASA,75.9461904194766
99,2821.531,3.4611285476693214,1.7189017902140944,-1.7797379985412234,33,B0018,NASA,75.7171579807609
100,2805.156,3.455556822823358,1.7760535805819666,-1.7856528650965158,32,B0018,NASA,75.12862169992007
101,2814.906,3.459598362944341,1.7090210438497757,-1.7784070647657095,31,B0018,NASA,75.47391737556097
102,2801.156,3.4506569891269216,1.8491219811800805,-1.7778412667349817,30,B0018,NASA,74.67956287078178
103,2794.187,3.455515243082573,1.745176889503357,-1.7764462760420034,29,B0018,NASA,74.8442144166389
104,2785.391,3.455840338587253,1.7209396235490333,-1.7752748972563315,28,B0018,NASA,74.55005166847637
105,2779.5,3.448678293668265,1.8125683654291467,-1.7742013268724648,27,B0018,NASA,73.9377907904329
106,2899.234,3.474503178644755,1.7252117583801891,-1.8196650877007408,26,B0018,NASA,79.59012336899396
107,2894.922,3.474031881945217,1.7626625743789148,-1.8096836854216038,25,B0018,NASA,79.02710075626473
108,2888.25,3.474404210386772,1.7428753357522555,-1.7993287687468955,24,B0018,NASA,78.37535173796054
109,2873.906,3.471767043833224,1.7440395841710061,-1.7959419603883284,23,B0018,NASA,77.84277345140852
110,2847.406,3.4685305272975935,1.7195940927045745,-1.7956017209600372,22,B0018,NASA,77.10265408852503
111,2849.281,3.4651213646662598,1.7597398943237743,-1.7929541659933774,21,B0018,NASA,77.05369944394869
112,2833.688,3.4652879859475885,1.7091805144653907,-1.784474211719448,20,B0018,NASA,76.23863208147118
113,2826.453,3.461799526154992,1.825509440936027,-1.793581043096934,19,B0018,NASA,76.04239090809344
114,2818.312,3.463260140320492,1.810167810984443,-1.7920645354970144,18,B0018,NASA,75.7543090731172
115,2812.7189999999973,3.462839429201602,1.7286897557738543,-1.7809541104468565,17,B0018,NASA,75.53528370506511
116,2803.5,3.4569152237960306,1.8653209658175176,-1.7989851707207014,16,B0018,NASA,75.65453091511269
117,2783.25,3.4574690175816127,1.7324505708980347,-1.7873231599598716,15,B0018,NASA,74.99878174281002
118,2776.391,3.4502191781217797,1.8384501185475655,-1.7861666392556754,14,B0018,NASA,74.3739239116156
119,2766.516,3.4486728051793962,1.8309214843090338,-1.7849995504167615,13,B0018,NASA,74.06157495836305
120,2751.516,3.444632719716698,1.8040450867693671,-1.778331020505836,12,B0018,NASA,73.36647880051024
121,2848.859,3.467272639213176,1.7472493199051158,-1.809775952165901,11,B0018,NASA,77.75964178283638
122,2840.016,3.464490491162134,1.7537609073412002,-1.7896694300229208,10,B0018,NASA,76.64818127941518
123,2817.375,3.459667012281024,1.842797186783958,-1.7970097248124899,9,B0018,NASA,75.94203290282925
124,2809.234,3.462241956955771,1.7301762280038964,-1.7861513769566684,8,B0018,NASA,75.6563887977094
125,2791.187,3.4555661695067355,1.7883594919192047,-1.784162084841115,7,B0018,NASA,74.67207774423264
126,2794.016,3.458696199585801,1.7316639116931487,-1.7845257009241222,6,B0018,NASA,75.19020545663942
127,2774.719,3.4525282614097663,1.8790074695590167,-1.7920667435100546,5,B0018,NASA,74.58873979112103
128,2777.844,3.4552290080443044,1.8391723774161428,-1.782779873271704,4,B0018,NASA,74.26603417466356
129,2781.125,3.4619744219744675,1.6969272221992107,-1.7725212915953121,3,B0018,NASA,74.30243511845757
130,2760.906,3.452221905520614,1.782188719692337,-1.769870119236631,2,B0018,NASA,73.67350393956353
131,2753.25,3.447650049442191,1.906618516693074,-1.7884847819526568,1,B0018,NASA,73.83331131268233
132,2742.843,3.447928507599004,1.8201786868536227,-1.77774044867741,0,B0018,NASA,73.08421149363524
